product_name,price,marketplace,search_term,link,scraped_at,clean_name,price_numeric,product_id
"Acer Aspire 14 2025 ( Intel Core 5 210H, 16GB RAM, 512GB SSD, 14Inch WUXGA IPS Display, Backlit Keyboard, Intel Graphics)","Rs 109,999",Hukut,laptop,https://hukut.com/acer-aspire-14-intel-core-5-210h-intel-graphics,2026-07-06 23:31:37,acer aspire 14 2025,109999.0,P0001
Acer Aspire Go 15 Core 3-N355 | 8GB RAM | 256GB SSD | 15.6 ” FHD | Win 11 Home | 1Years Warranty,"Rs. 71,270",Daraz,laptop,https://www.daraz.com.np/products/acer-aspire-go-15-core-3-n355-8gb-ram-256gb-ssd-156-fhd-win-11-home-1years-warranty-i511347976.html,,acer aspire go 15 core 3 n355 ram ssd 15 6 fhd win 11 home 1years,71270.0,P0002
Acer Aspire Lite 15 AL15-61P-R8DJ (AMD Ryzen 5 8640HS   | 16GB RAM | 512GB SSD | AMD Radeon™ Graphics | 15.6 inch Display | 1 Year Warranty),"Rs 104,999",Hukut,laptop,https://hukut.com/acer-aspire-lite-15-ryzen-5-8840hs-price-in-nepal,2026-07-06 23:31:37,acer aspire lite 15 al15 61p r8dj,104999.0,P0003
Acer Nitro V 16S AI 2025 ANV16S-71-7771 (Intel Core 7 240H | RTX 5060 Graphics),"Rs 239,999",Hukut,laptop,https://hukut.com/acer-nitro-v-16s-ai-2025-intel-core-7-240H-rtx-5060,2026-07-06 23:31:37,acer nitro v 16s ai 2025 anv16s 71 7771,239999.0,P0004
Acer Swift 16 AI Core Ultra 7 Series 2 256V | 16GB Memory | 1TB SSD | 16″ 3K OLED Touch Laptop | Copilot+ PC | Ice Black,"Rs. 167,777",Daraz,laptop,https://www.daraz.com.np/products/acer-swift-16-ai-core-ultra-7-series-2-256v-16gb-memory-1tb-ssd-16-3k-oled-touch-laptop-copilot-pc-ice-black-i1514731203.html,,acer swift 16 ai core ultra 7 series 2 256v memory ssd 16 3k oled touch laptop copilot pc ice black,167777.0,P0005
Acer Vero 16 | Intel Core Ultra 5 125U Processor | 8GB RAM | 512GB SSD | Intel Integrated Graphics | 16-inch FHD (1920 x 1200) Display,"Rs. 91,300",Daraz,laptop,https://www.daraz.com.np/products/acer-vero-16-intel-core-ultra-5-125u-processor-8gb-ram-512gb-ssd-intel-integrated-graphics-16-inch-fhd-1920-x-1200-display-i481779014.html,,acer vero 16 intel core ultra 5 125u processor ram ssd intel integrated graphics 16 inch fhd display,91300.0,P0006
"ADAM elements GRAVITY 10,000 mAh Fast Charging Power Bank with Built-In Cable",Rs 7500,Oliz,all-products,https://olizstore.com/products/adam-elements-gravity-10000-mah-30w-fast-charging-power-bank-with-built-in-cable,2026-07-06 23:32:37,adam elements gravity 10 000 mah fast charging power bank with built in cable,7500.0,P0007
"ADAM elements GRAVITY Pro 20,000 mAh Fast Charging Power Bank",Rs 13000,Oliz,all-products,https://olizstore.com/products/adam-elements-gravity-pro-100w-fast-charging-power-bank,2026-07-06 23:32:37,adam elements gravity pro 20 000 mah fast charging power bank,13000.0,P0008
ADAM elements VIONTA A5 4100 mAh Qi2 Solid-State Power Bank,Rs 8500,Oliz,all-products,https://olizstore.com/products/adam-elements-vionta-a5-4100-mah-qi2-solid-state-power-bank,2026-07-06 23:32:37,adam elements vionta a5 4100 mah qi2 solid state power bank,8500.0,P0009
"ADAM elements VIONTA B10 10,000 mAh Solid-State Power Bank with Foldable Stand",Rs 8500,Oliz,all-products,https://olizstore.com/products/adam-elements-vionta-b10-10000-mah-solid-state-power-bank-with-foldable-stand,2026-07-06 23:32:37,adam elements vionta b10 10 000 mah solid state power bank with foldable stand,8500.0,P0010
ADAM elements VIONTA B5 5000 mAh Solid-State Power Bank with Foldable Stand,Rs 8500,Oliz,all-products,https://olizstore.com/products/adam-elements-vionta-b5-5000-mah-solid-state-power-bank-with-foldable-stand,2026-07-06 23:32:37,adam elements vionta b5 5000 mah solid state power bank with foldable stand,8500.0,P0011
"ADAM elements VIONTA C2 Pro 10,000 mAh 8-in-1 Magnetic Power Bank",Rs 8000,Oliz,all-products,https://olizstore.com/products/adam-elements-vionta-c2-pro-10000-mah-8-in-1-magnetic-power-bank,2026-07-06 23:32:37,adam elements vionta c2 pro 10 000 mah 8 in 1 magnetic power bank,8000.0,P0012
ADAM elements VIONTA T1S 10000 mAh Travel Solid-State Power Bank with Built-In Cable,Rs 8800,Oliz,all-products,https://olizstore.com/products/adam-elements-vionta-t1s-10000mah-travel-solid-state-power-bank-with-built-in-cable,2026-07-06 23:32:37,adam elements vionta t1s 10000 mah travel solid state power bank with built in cable,8800.0,P0013
Anker PowerCore 5000 mAh Portable Power Bank,Rs 2500,Oliz,all-products,https://olizstore.com/products/anker-powercore-5000-portable-power-bank,2026-07-06 23:32:37,anker powercore 5000 mah portable power bank,2500.0,P0014
Anker Soundcore R60i NC,"Rs 5,499",Hukut,earphone,https://hukut.com/anker-soundcore-r60i-nc,2026-07-06 23:32:06,anker soundcore r60i nc,5499.0,P0015
Aoking Antitheft Laptop Bag (Unisex) | XN4060-5,Rs 4625,Oliz,all-products,https://olizstore.com/products/aoking-antitheft-laptop-bag-(unisex)-or-xn4060-5-price-in-nepal,2026-07-06 23:32:37,aoking antitheft laptop bag xn4060 5,4625.0,P0016
Aoking Backpack (Unisex) | Laptop Compartment | External USB Charging Port | SN2117,Rs 5590,Oliz,all-products,https://olizstore.com/products/aoking-backpack-(unisex)-or-laptop-compartment-or-external-usb-charging-port-or-sn2117-price-in-nepal,2026-07-06 23:32:37,aoking backpack laptop compartment external usb charging port sn2117,5590.0,P0017
Aoking Backpack | Laptop compartment USB charging port | SN2119,Rs 6290,Oliz,all-products,https://olizstore.com/products/aoking-backpack-or-laptop-compartment-usb-charging-port-or-sn2119-price-in-nepal,2026-07-06 23:32:37,aoking backpack laptop compartment usb charging port sn2119,6290.0,P0018
Aoking Backpack | Laptop Compartment | USB charging port | SN2640 Price in Nepal,Rs 5590,Oliz,all-products,https://olizstore.com/products/aoking-backpack-or-laptop-compartment-or-usb-charging-port-or-sn2640-price-in-nepal,2026-07-06 23:32:37,aoking backpack laptop compartment usb charging port sn2640,5590.0,P0019
Aoking  Backpack (Unisex) with Laptop Compartment and USB charging port | SN4005-5,Rs 5600,Oliz,all-products,https://olizstore.com/products/aoking-backpack-(unisex)-with-laptop-compartment-and-usb-charging-port-or-sn4005-5-price-in-nepal,2026-07-06 23:32:37,aoking backpack with laptop compartment and usb charging port sn4005 5,5600.0,P0020
Aoking Bag (Unisex) | Laptop compartment | SN2105-12,Rs 3925,Oliz,all-products,https://olizstore.com/products/aoking-bag-(unisex)-or-laptop-compartment-or-sn2105-12-price-in-nepal,2026-07-06 23:32:37,aoking bag laptop compartment sn2105 12,3925.0,P0021
Aoking Business Backpack (Unisex) with Laptop Compartment | SN3535-W-6,Rs 2800,Oliz,all-products,https://olizstore.com/products/aoking-business-backpack-(unisex)-with-laptop-compartment-or-sn3535-w-6,2026-07-06 23:32:37,aoking business backpack with laptop compartment sn3535 w 6,2800.0,P0022
Aoking Business Backpack (Unisex) with Laptop Compartment | SN4477-W-6,Rs 2800,Oliz,all-products,https://olizstore.com/products/aoking-business-backpack-(unisex)-with-laptop-compartment-or-sn4477-w-6,2026-07-06 23:32:37,aoking business backpack with laptop compartment sn4477 w 6,2800.0,P0022
Aoking  Business Backpack (Unisex) | Laptop compartment | SN2107-6,Rs 3925,Oliz,all-products,https://olizstore.com/products/aoking-business-backpack-(unisex)-or-laptop-compartment-or-sn2107-6-price-in-nepal,2026-07-06 23:32:37,aoking business backpack laptop compartment sn2107 6,3925.0,P0022
Aoking Business Backpack (Unisex) | Laptop Compartment | SN2115,Rs 4625,Oliz,all-products,https://olizstore.com/products/aoking-business-backpack-(unisex)-or-laptop-compartment-or-sn2115-price-in-nepal,2026-07-06 23:32:37,aoking business backpack laptop compartment sn2115,4625.0,P0023
Aoking Business Backpack| Laptop compartment | SN2671,Rs 5590,Oliz,all-products,https://olizstore.com/products/aoking-business-backpackor-laptop-compartment-or-sn2671-price-in-nepal,2026-07-06 23:32:37,aoking business backpack laptop compartment sn2671,5590.0,P0024
Aoking  Business Backpack | Laptop compartment | USB charging port | SN77880A,Rs 6690,Oliz,all-products,https://olizstore.com/products/aoking-business-backpack-or-laptop-compartment-or-usb-charging-port-or-sn77880a-price-in-nepal,2026-07-06 23:32:37,aoking business backpack laptop compartment usb charging port sn77880a,6690.0,P0025
Aoking  Business Backpack (Unisex) | SN3537-W-6,Rs 2800,Oliz,all-products,https://olizstore.com/products/aoking-business-backpack-(unisex)-or-sn3537-w-6-price-in-nepal,2026-07-06 23:32:37,aoking business backpack sn3537 w 6,2800.0,P0026
Aoking  Business Backpack (Unisex) | SN4300-8,Rs 4590,Oliz,all-products,https://olizstore.com/products/aoking-business-backpack-(unisex)-or-sn4300-8-price-in-nepal,2026-07-06 23:32:37,aoking business backpack sn4300 8,4590.0,P0027
Aoking  Business Backpack with Laptop Compartment | SN4003-5,Rs 6690,Oliz,all-products,https://olizstore.com/products/aoking-business-backpack-with-laptop-compartment-or-sn4003-5-price-in-nepal,2026-07-06 23:32:37,aoking business backpack with laptop compartment sn4003 5,6690.0,P0028
Aoking Business Backpack (Unisex) with Laptop Compartment | SN4318,Rs 3225,Oliz,all-products,https://olizstore.com/products/aoking-business-backpack-(unisex)-with-laptop-compartment-or-sn4318,2026-07-06 23:32:37,aoking business backpack with laptop compartment sn4318,3225.0,P0029
Aoking Business Backpack (Unisex) with Laptop compartment | SN67732-A,Rs 6990,Oliz,all-products,https://olizstore.com/products/aoking-business-backpack-(unisex)-with-laptop-compartment-or-sn67732-a-price-in-nepal,2026-07-06 23:32:37,aoking business backpack with laptop compartment sn67732 a,6990.0,P0030
Aoking  Business Backpack (Unisex) with Laptop Compartment | XN4337,Rs 3225,Oliz,all-products,https://olizstore.com/products/aoking-business-backpack-(unisex)-with-laptop-compartment-or-xn4337-price-in-nepal,2026-07-06 23:32:37,aoking business backpack with laptop compartment xn4337,3225.0,P0031
Aoking  Business Bag (Unisex) | Laptop compartment | FN77170,Rs 4625,Oliz,all-products,https://olizstore.com/products/aoking-business-bag-(unisex)-laptop-compartment-or-fn77170-price-in-nepal,2026-07-06 23:32:37,aoking business bag laptop compartment fn77170,4625.0,P0032
Aoking Casual Backpack (Unisex) | Laptop compartment  | XN3370,Rs 6290,Oliz,all-products,https://olizstore.com/products/aoking-casual-backpack-(unisex)-or-laptop-compartment-or-xn3370-price-in-nepal,2026-07-06 23:32:37,aoking casual backpack laptop compartment xn3370,6290.0,P0033
Aoking Casual Backpack (Unisex) with Laptop Compartment for Everyday Use | SN4327-5,Rs 3225,Oliz,all-products,https://olizstore.com/products/aoking-casual-backpack-(unisex)-with-laptop-compartment-for-everyday-use-or-sn4327-5,2026-07-06 23:32:37,aoking casual backpack with laptop compartment for everyday use sn4327 5,3225.0,P0034
Aoking Casual Backpack with Laptop Compartment | H97068,Rs 3025,Oliz,all-products,https://olizstore.com/products/aoking-casual-backpack-with-laptop-compartment-or-h97068-price-in-nepal,2026-07-06 23:32:37,aoking casual backpack with laptop compartment h97068,3025.0,P0035
Aoking Casual Backpack (Unisex) with Laptop Compartment | XN3352,Rs 6990,Oliz,all-products,https://olizstore.com/products/aoking-casual-backpack-(unisex)-with-laptop-compartment-or-xn3352-price-in-nepal,2026-07-06 23:32:37,aoking casual backpack with laptop compartment xn3352,6990.0,P0036
Aoking Casual Laptop Bag (Unisex) | XN2686,Rs 4190,Oliz,all-products,https://olizstore.com/products/aoking-casual-laptop-bag-(unisex)-or-xn2686-price-in-nepal,2026-07-06 23:32:37,aoking casual laptop bag xn2686,4190.0,P0037
Aoking Casual Laptop Bag (Unisex) | XN3517,Rs 2325,Oliz,all-products,https://olizstore.com/products/aoking-casual-laptop-bag-(unisex)-or-xn3517-price-in-nepal,2026-07-06 23:32:37,aoking casual laptop bag xn3517,2325.0,P0038
Aoking Casual Laptop Bag (Unisex) | XN3566-5,Rs 4190,Oliz,all-products,https://olizstore.com/products/aoking-casual-laptop-bag-(unisex)-or-xn3566-5-price-in-nepal,2026-07-06 23:32:37,aoking casual laptop bag xn3566 5,4190.0,P0039
Aoking Laptop Backpack (Unisex) | USB charging port | SN97095,Rs 6290,Oliz,all-products,https://olizstore.com/products/aoking-laptop-backpack-(unisex)-or-usb-charging-port-or-sn97095-price-in-nepal,2026-07-06 23:32:37,aoking laptop backpack usb charging port sn97095,6290.0,P0040
Aoking Laptop Bag (Unisex) with External USB charging port | SNX6082,Rs 5590,Oliz,all-products,https://olizstore.com/products/aoking-laptop-bag-(unisex)-with-external-usb-charging-port-or-snx6082-price-in-nepal,2026-07-06 23:32:37,aoking laptop bag with external usb charging port snx6082,5590.0,P0041
Aoking Laptop Bag | XN41457F,Rs 6990,Oliz,all-products,https://olizstore.com/products/aoking-laptop-bag-or-xn41457f-price-in-nepal,2026-07-06 23:32:37,aoking laptop bag xn41457f,6990.0,P0042
Aoking LightGuard Backpack (Unisex) with Laptop compartment | SN41383F,Rs 8125,Oliz,all-products,https://olizstore.com/products/aoking-lightguard-backpack-(unisex)-with-laptop-compartment-or-sn41383f-price-in-nepal,2026-07-06 23:32:37,aoking lightguard backpack with laptop compartment sn41383f,8125.0,P0043
Aoking XN58398F Extra Security LightGuard Laptop Bag,Rs 5990,Oliz,all-products,https://olizstore.com/products/aoking-xn58398f-extra-security-lightguard-laptop-bag-price-in-nepal,2026-07-06 23:32:37,aoking xn58398f extra security lightguard laptop bag,5990.0,P0044
"Apple iPad 11"" A16 Chip | Liquid retina display | WiFi Version","Rs. 88,000",Daraz,tablet,https://www.daraz.com.np/products/apple-ipad-11-a16-chip-liquid-retina-display-wifi-version-i366436603.html,,apple ipad 11 a16 chip liquid retina display wifi version,88000.0,P0045
Apple iPad Air 11-inch M3 Chip 7th Gen (2025),"Rs 109,000",Hukut,tablet,https://hukut.com/apple-11-inch-ipad-air-m3-chip,2026-07-06 23:32:21,apple ipad air 11 inch m3 chip 7th gen,109000.0,P0046
Apple iPad Air 13-inch M3 Chip 7th Gen (2025),"Rs 147,000",Hukut,tablet,https://hukut.com/apple-ipad-air-13-inch-m3-chip-7th-gen,2026-07-06 23:32:21,apple ipad air 13 inch m3 chip 7th gen,147000.0,P0046
Apple iPad Pro M4 (2024),"Rs 170,000",Hukut,tablet,https://hukut.com/apple-ipad-pro-m4-price-in-nepal,2026-07-06 23:32:21,apple ipad pro m4,170000.0,P0047
Apple iPhone 17 Pro Max,"Rs 242,999",Hukut,smartphone,https://hukut.com/apple-iphone-17-pro-max,2026-07-06 23:31:22,apple iphone 17 pro max,242999.0,P0048
Apple iPhone 17e,Rs 132499,Oliz,all-products,https://olizstore.com/products/apple-iphone-17e,2026-07-06 23:32:37,apple iphone 17e,132499.0,P0049
Apple MacBook Neo 2026 (Apple A18 Pro),"Rs 130,000",Hukut,laptop,https://hukut.com/apple-macbook-neo-2026,2026-07-06 23:31:37,apple macbook neo 2026,130000.0,P0050
Asus VivoBook 14 2024 X1404V (Intel Core 5-120U | Intel UHD Graphics),"Rs 85,999",Hukut,laptop,https://hukut.com/asus-vivobook-15-2024-x1404v-core-5-120u,2026-07-06 23:31:38,asus vivobook 14 2024 x1404v,85999.0,P0051
Asus Vivobook 14 X1404 Core 5 120U 14th Gen Processor – 8GB DDR4 RAM – 512GB NVMe SSD – Intel Integrated Graphics – 14″ FHD IPS Display – Magic Numpad – Quiet Blue,"Rs. 87,777",Daraz,laptop,https://www.daraz.com.np/products/asus-vivobook-14-x1404-core-5-120u-14th-gen-processor-8gb-ddr4-ram-512gb-nvme-ssd-intel-integrated-graphics-14-fhd-ips-display-magic-numpad-quiet-blue-i1514670743.html,,asus vivobook 14 x1404 core 5 120u 14th gen processor ddr4 ram nvme ssd intel integrated graphics 14 fhd ips display magic numpad quiet blue,87777.0,P0052
ASUS Vivobook 14 X1404VA Core i7 1355U 12GB RAM 512GB SSD 14 inch FHD Laptop,"Rs. 110,000",Daraz,laptop,https://www.daraz.com.np/products/asus-vivobook-14-x1404va-core-i7-1355u-12gb-ram-512gb-ssd-14-inch-fhd-laptop-i511326274.html,,asus vivobook 14 x1404va core i7 1355u ram ssd 14 inch fhd laptop,110000.0,P0053
ASUS VivoBook 16 M1607KA Ryzen AI 5 330 Processor – 16GB DDR5 RAM – 512GB NVMe Gen4 SSD – AMD Radeon Graphics – 16″ FHD+ Display – Copilot+ PC – Windows 11 Home – Quiet Blue,"Rs. 117,777",Daraz,laptop,https://www.daraz.com.np/products/asus-vivobook-16-m1607ka-ryzen-ai-5-330-processor-16gb-ddr5-ram-512gb-nvme-gen4-ssd-amd-radeon-graphics-16-fhd-display-copilot-pc-windows-11-home-quiet-blue-i1514708054.html,,asus vivobook 16 m1607ka ryzen ai 5 330 processor ddr5 ram nvme gen4 ssd amd radeon graphics 16 fhd display copilot pc windows 11 home quiet blue,117777.0,P0054
ASUS VivoBook Go 14 2025 E1404FA-EB1226W (AMD Ryzen 5 40 | AMD Radeon Graphics),"Rs 95,999",Hukut,laptop,https://hukut.com/asus-vivobook-go-14-2025-ryzen-5-40-radeon,2026-07-06 23:31:38,asus vivobook go 14 2025 e1404fa eb1226w,95999.0,P0055
"ASUS Vivobook Go 15 E1504FA (Ryzen 3 30, AMD Radeon Graphics)","Rs 78,999",Hukut,laptop,https://hukut.com/asus-vivobook-go-15-ryzen-3-30-amd-radeon-graphics,2026-07-06 23:31:38,asus vivobook go 15 e1504fa,78999.0,P0056
"ASUS VivoBook | Intel Core™ i5-120U | 8GB RAM | 256GB SSD | Windows 11 | Quiet Blue | X1404VAP-V14 | 14"" FHD Laptop","Rs. 81,950",Daraz,laptop,https://www.daraz.com.np/products/asus-vivobook-intel-core-i5-120u-8gb-ram-256gb-ssd-windows-11-quiet-blue-x1404vap-v14-14-fhd-laptop-i505850888.html,,asus vivobook intel core i5 120u ram ssd windows 11 quiet blue x1404vap v14 14 fhd laptop,81950.0,P0057
Asus Vivobook X1404VA Core i3-1315U 13th Gen | 8 GB RAM | 256GB SSD | 14″ FHD | Win 11 | 1 Years Warranty,"Rs. 79,190",Daraz,laptop,https://www.daraz.com.np/products/asus-vivobook-x1404va-core-i3-1315u-13th-gen-8-gb-ram-256gb-ssd-14-fhd-win-11-1-years-warranty-i511345998.html,,asus vivobook x1404va core i3 1315u 13th gen ram ssd 14 fhd win 11 1 years,79190.0,P0058
Blackview BV6200 Plus Rugged Phone (8GB+256GB) | 3W 98dB Ultra Loud Speaker | 11000mAh Battery | Shockproof & Waterproof | 6.56-inch HD+IPS Display | 90Hz Refresh Rate | 16MP Camera |  Up to 2TB TF Expansion,"Rs. 22,309",Daraz,smartphone,https://www.daraz.com.np/products/blackview-bv6200-plus-rugged-phone-8gb256gb-3w-98db-ultra-loud-speaker-11000mah-battery-shockproof-waterproof-656-inch-hdips-display-90hz-refresh-rate-16mp-camera-up-to-2tb-tf-expansion-i292035294.html,,blackview bv6200 plus rugged phone 3w 98db ultra loud speaker 11000mah battery shockproof waterproof 6 56 inch hd ips display 90hz refresh rate 16mp camera up to tf expansion,22309.0,P0059
"Blackview COLOR 6 | 6.67"" 90Hz Display | MediaTek Helio G81 | 8+128GB | 50MP Main & 13MP Selfie Camera | 4G Smartphone","Rs. 18,429",Daraz,smartphone,https://www.daraz.com.np/products/blackview-color-6-667-90hz-display-mediatek-helio-g81-8128gb-50mp-main-13mp-selfie-camera-4g-smartphone-i456235262.html,,blackview color 6 6 67 90hz display mediatek helio g81 8 50mp main 13mp selfie camera smartphone,18429.0,P0060
Blackview MEGA 2 Tablet( 12GB(8+16) +256GB) | Set of Packing (Wireless keyboard + Mouse + Stylus Pen + Earphone) | 12 inch 2K Display | 9000mAh Battery,"Rs. 33,949",Daraz,tablet,https://www.daraz.com.np/products/blackview-mega-2-tablet-12gb816-256gb-set-of-packing-wireless-keyboard-mouse-stylus-pen-earphone-12-inch-2k-display-9000mah-battery-i184987687.html,,blackview mega 2 tablet set of packing 12 inch 2k display 9000mah battery,33949.0,P0061
Blackview N2000 FLIP 4G MOBILE PHONE | RED | BLUE | BLACK,"Rs. 5,819",Daraz,smartphone,https://www.daraz.com.np/products/blackview-n2000-flip-4g-mobile-phone-red-blue-black-i171335490.html,,blackview n2000 flip mobile phone red blue black,5819.0,P0062
Blackview SHARK 9 5G (8GB+256GB) | 50MP Camera | 90Hz Refresh Rate | 5000mAh Battery | 18W Fast Charging,"Rs. 21,339",Daraz,smartphone,https://www.daraz.com.np/products/blackview-shark-9-5g-8gb256gb-50mp-camera-90hz-refresh-rate-5000mah-battery-18w-fast-charging-i181684536.html,,blackview shark 9 50mp camera 90hz refresh rate 5000mah battery 18w fast charging,21339.0,P0063
Blackview Tab 20 Kids 10.1-inch 4GB+64GB 6600mAh Children Edition Wi-Fi Tablet,"Rs. 17,499",Daraz,tablet,https://www.daraz.com.np/products/blackview-tab-20-kids-101-inch-4gb64gb-6600mah-children-edition-wi-fi-tablet-i495624356.html,,blackview tab 20 kids 10 1 inch 6600mah children edition wi fi tablet,17499.0,P0064
BLACKVIEW TAB 20 5G WIFI 4GB RAM 64GB ROM  NEW LAUNCH,"Rs. 16,489",Daraz,tablet,https://www.daraz.com.np/products/blackview-tab-20-5g-wifi-4gb-ram-64gb-rom-new-launch-i459179588.html,,blackview tab 20 wifi ram rom launch,16489.0,P0065
"BLACKVIEW TAB 60 PRO (24GB(8+16) + 128GB)  Set of Packing (Mouse, Pen, Keyboard and Earphones)","Rs. 27,159",Daraz,tablet,https://www.daraz.com.np/products/blackview-tab-60-pro-24gb816-128gb-set-of-packing-mouse-pen-keyboard-and-earphones-i1515457373.html,,blackview tab 60 pro set of packing,27159.0,P0066
"Blackview Tab 60 WiFi (4GB+128GB) | Expandabled Ram Upto 12 GB | 8 MP Camera | 10.1"" Display | Slate Grey,Sky Blue,Mint Green","Rs. 18,979",Daraz,tablet,https://www.daraz.com.np/products/blackview-tab-60-wifi-4gb128gb-expandabled-ram-upto-12-gb-8-mp-camera-101-display-slate-greysky-bluemint-green-i174133098.html,,blackview tab 60 wifi expandabled ram upto 8 mp camera 10 1 display slate grey sky blue mint green,18979.0,P0067
Citizen AN3700-54E Quartz Chronograph Men's Watch,Rs 64500,Oliz,all-products,https://olizstore.com/products/citizen-an3700-54e-quartz-chronograph-men's-watch,2026-07-06 23:32:37,citizen an3700 54e quartz chronograph men s watch,64500.0,P0068
Citizen AN8234-58X Men's Quartz Chronograph Watch,Rs 42000,Oliz,all-products,https://olizstore.com/products/citizen-an8234-58x-men's-quartz-chronograph-watch,2026-07-06 23:32:37,citizen an8234 58x men s quartz chronograph watch,42000.0,P0069
Citizen BM8560-29EC Eco-Drive Super Titanium™ Men's Watch,Rs 67000,Oliz,all-products,https://olizstore.com/products/citizen-bm8560-29ec-eco-drive-super-titaniumtm-men's-watch,2026-07-06 23:32:37,citizen bm8560 29ec eco drive super titanium men s watch,67000.0,P0070
Citizen Kii EG2790-12A Eco-Drive Ladies Watch,Rs 58500,Oliz,all-products,https://olizstore.com/products/citizen-kii-eg2790-12a-eco-drive-ladies-watch,2026-07-06 23:32:37,citizen kii eg2790 12a eco drive ladies watch,58500.0,P0071
Citizen NH8391-51A Automatic Watch,Rs 67000,Oliz,all-products,https://olizstore.com/products/citizen-nh8391-51a-automatic-watch,2026-07-06 23:32:37,citizen nh8391 51a automatic watch,67000.0,P0072
Citizen NJ0240-55A Automatic Men's Watch,Rs 56500,Oliz,all-products,https://olizstore.com/products/citizen-nj0240-55a-automatic-men's-watch,2026-07-06 23:32:37,citizen nj0240 55a automatic men s watch,56500.0,P0073
Citizen NJ0240-55E Automatic Men's Watch,Rs 56500,Oliz,all-products,https://olizstore.com/products/citizen-nj0240-55e-automatic-men's-watch,2026-07-06 23:32:37,citizen nj0240 55e automatic men s watch,56500.0,P0073
Citizen NJ0240-55X Automatic Men's Watch,Rs 58500,Oliz,all-products,https://olizstore.com/products/citizen-nj0240-55x-automatic-men's-watch,2026-07-06 23:32:37,citizen nj0240 55x automatic men s watch,58500.0,P0073
Citizen Tsuyosa NJ0150-56W Red Dial Automatic Watch,Rs 65900,Oliz,all-products,https://olizstore.com/products/citizen-tsuyosa-nj0150-56w-red-dial-automatic-watch,2026-07-06 23:32:37,citizen tsuyosa nj0150 56w red dial automatic watch,65900.0,P0074
Citizen Tsuyosa NJ0152-51X Green Dial Automatic Watch,Rs 68500,Oliz,all-products,https://olizstore.com/products/citizen-tsuyosa-nj0152-51x-green-dial-automatic-watch,2026-07-06 23:32:37,citizen tsuyosa nj0152 51x green dial automatic watch,68500.0,P0075
CMF Watch Pro 3,"Rs 13,999",Hukut,smartwatch,https://hukut.com/cmf-watch-3-pro,2026-07-06 23:31:52,cmf watch pro 3,13999.0,P0076
"Coolpad Cool 10 A [2GB+64GB,6.517 ""HD Waterdrop ,13MP+0.3MP,4000 mAh ]","Rs. 12,495",Daraz,smartphone,https://www.daraz.com.np/products/coolpad-cool-10-a-2gb64gb6517-hd-waterdrop-13mp03mp4000-mah-i105517300.html,,coolpad cool 10 a 6 517 hd waterdrop 13mp 0 3mp 4000 mah,12495.0,P0077
Dell 15 DC15250 (Intel Core i5-1334U | Intel UHD Graphics),"Rs 94,999",Hukut,laptop,https://hukut.com/dell-15-dc-15250-intel-i5-13th-gen-intel-uhd-graphics,2026-07-06 23:31:37,dell 15 dc15250,94999.0,P0078
Dell Latitude 3000 3420 14'' Notebook - Full HD - 1920 x 1080 - Intel Core i5 (11th Gen) i5-1135G7 Quad-core (4 Core) 2.40 GHz - 8 GB RAM - 256 GB SSD - Black (Upgraded),"Rs. 53,955",Daraz,laptop,https://www.daraz.com.np/products/dell-latitude-3000-3420-14-notebook-full-hd-1920-x-1080-intel-core-i5-11th-gen-i5-1135g7-quad-core-4-core-240-ghz-8-gb-ram-256-gb-ssd-black-upgraded-i1515774045.html,,dell latitude 3000 3420 14 notebook full hd 1920 x 1080 intel core i5 i5 1135g7 quad core 2 40 ghz ram ssd black,53955.0,P0079
Dell Latitude 7440 2-in-1 Laptop | Intel Core i5 13th Gen | 16GB RAM 256GB SSD | 14” FHD Touch Display | Convertible Business Laptop/Dell Latitude 7440 2-in-1 i5 13th Gen | 16GB RAM 256GB SSD | 14” Touchscreen | Convertible Business Laptop,"Rs. 99,999",Daraz,laptop,https://www.daraz.com.np/products/dell-latitude-7440-2-in-1-laptop-intel-core-i5-13th-gen-16gb-ram-256gb-ssd-14-fhd-touch-display-convertible-business-laptopdell-latitude-7440-2-in-1-i5-13th-gen-16gb-ram-256gb-ssd-14-touchscreen-convertible-business-laptop-i1515850526.html,,dell latitude 7440 2 in 1 laptop intel core i5 13th gen ram ssd 14 fhd touch display convertible business laptop dell latitude 7440 2 in 1 i5 13th gen ram ssd 14 touchscreen convertible business laptop,99999.0,P0080
Dell Pro 15 Essential (AMD Ryzen 5 7520U | AMD Radeon Graphics),"Rs 83,998",Hukut,laptop,https://hukut.com/dell-pro-15-essential-ryzen-5-7520u-radeon,2026-07-06 23:31:38,dell pro 15 essential,83998.0,P0081
DJI Goggles 3,Rs 106000,Oliz,all-products,https://olizstore.com/products/dji-goggles-3-price-in-nepal,2026-07-06 23:32:37,dji goggles 3,106000.0,P0082
DJI Matrice 4E (Universal Edition),Rs 950000,Oliz,all-products,https://olizstore.com/products/dji-matrice-4e-(universal-edition),2026-07-06 23:32:37,dji matrice 4e,950000.0,P0083
DJI Matrice 4T Drone (Basic Pack),Rs 1150000,Oliz,all-products,https://olizstore.com/products/dji-matrice-4t-drone-basic-pack,2026-07-06 23:32:37,dji matrice 4t drone,1150000.0,P0084
DJI Mic Mini 2 (1 TX + 1 MRX + Charging Case),Rs 11500,Oliz,all-products,https://olizstore.com/products/dji-mic-mini-2-one-transmitter-price-in-nepal,2026-07-06 23:32:37,dji mic mini 2,11500.0,P0085
DJI Mic Mini 2 (2 TX + 1 MRX + Charging Case),Rs 16500,Oliz,all-products,https://olizstore.com/products/dji-mic-mini-2-two-transmitter-price-in-nepal,2026-07-06 23:32:37,dji mic mini 2,16500.0,P0085
DJI Mic Mini 2 (2 TX + 1 RX + Charging Case),Rs 19500,Oliz,all-products,https://olizstore.com/products/dji-mic-mini-2-price-in-nepal,2026-07-06 23:32:37,dji mic mini 2,19500.0,P0085
DJI Osmo Action 4 Standard Combo,Rs 40500,Oliz,all-products,https://olizstore.com/products/dji-osmo-action-4-standard-combo,2026-07-06 23:32:37,dji osmo action 4 standard combo,40500.0,P0086
DJI Osmo Mobile 8P Creator Combo,Rs 35000,Oliz,all-products,https://olizstore.com/products/dji-osmo-mobile-8p,2026-07-06 23:32:37,dji osmo mobile 8p creator combo,35000.0,P0087
DJI Osmo Mobile 8P Standard Combo,Rs 25000,Oliz,all-products,https://olizstore.com/products/dji-osmo-mobile-8p-standard-combo-price-in-nepal,2026-07-06 23:32:37,dji osmo mobile 8p standard combo,25000.0,P0088
DJI ROMO P (Water Tank Version),Rs 218500,Oliz,all-products,https://olizstore.com/products/dji-romo-p-(water-tank-version),2026-07-06 23:32:37,dji romo p,218500.0,P0089
Dyson HushJet™ Purifier Compact HJ10,Rs 68000,Oliz,all-products,https://olizstore.com/products/dyson-hushjettm-purifier-compact-hj10,2026-07-06 23:32:37,dyson hushjet purifier compact hj10,68000.0,P0090
Dyson Purifier Big+Quiet Formaldehyde BP04,Rs 168000,Oliz,all-products,https://olizstore.com/products/dyson-purifier-big+quiet-formaldehyde-bp04,2026-07-06 23:32:37,dyson purifier big quiet formaldehyde bp04,168000.0,P0091
Dyson Purifier Cool Air Purifier PC2 De-NOx TP12,Rs 118500,Oliz,all-products,https://olizstore.com/products/dyson-purifier-cool-air-purifier-pc2-de-nox-tp12,2026-07-06 23:32:37,dyson purifier cool air purifier pc2 de nox tp12,118500.0,P0092
Dyson Purifier Cool Gen1 TP10 Purifying Fan,Rs 74500,Oliz,all-products,https://olizstore.com/products/dyson-purifier-cool-gen1-tp10-purifying-fan,2026-07-06 23:32:37,dyson purifier cool gen1 tp10 purifying fan,74500.0,P0093
Dyson Supersonic™ Hair Dryer HD08,Rs 85000,Oliz,all-products,https://olizstore.com/products/dyson-supersonictm-hair-dryer-hd08,2026-07-06 23:32:37,dyson supersonic hair dryer hd08,85000.0,P0094
Dyson Supersonic™ Origin Hair Dryer,Rs 85000,Oliz,all-products,https://olizstore.com/products/dyson-supersonictm-origin-hair-dryer,2026-07-06 23:32:37,dyson supersonic origin hair dryer,85000.0,P0095
Dyson V12s Detect Slim Submarine™ HEPA (Yellow/Nickel),Rs 137300,Oliz,all-products,https://olizstore.com/products/dyson-v12s-detect-slim-submarinetm-hepa-(yellownickel),2026-07-06 23:32:37,dyson v12s detect slim submarine hepa,137300.0,P0096
Great Asia High-Performance Tablet TK-P616 | 10.51-inch Display | Android 13.0 | T616 Octa-Core CPU | 6GB | 128GB Storage,"Rs. 24,999",Daraz,tablet,https://www.daraz.com.np/products/great-asia-high-performance-tablet-tk-p616-1051-inch-display-android-130-t616-octa-core-cpu-6gb-128gb-storage-i146341605.html,,great asia high performance tablet tk p616 10 51 inch display android 13 0 t616 octa core cpu storage,24999.0,P0097
"Great Asia TK-E10A523 Android 13 Tablet  10.1"" IPS Display  Octa-Core  4GB RAM  64GB Storage  Dual Cameras I wifi only","Rs. 15,999",Daraz,tablet,https://www.daraz.com.np/products/great-asia-tk-e10a523-android-13-tablet-101-ips-display-octa-core-4gb-ram-64gb-storage-dual-cameras-i-wifi-only-i146452168.html,,great asia tk e10a523 android 13 tablet 10 1 ips display octa core ram storage dual cameras i wifi only,15999.0,P0098
GREAT ASIA TK-E181 I7CORE 11th Gen 8GB RAM 512GB SSD 64BIT OPERATING SYSTEM 15.6INC SCREEN,"Rs. 95,000",Daraz,laptop,https://www.daraz.com.np/products/great-asia-tk-e181-i7core-11th-gen-8gb-ram-512gb-ssd-64bit-os-156inc-screen-i127092200.html,,great asia tk e181 i7core 11th gen ram ssd 64bit operating system 15 6inc screen,95000.0,P0099
"Great Asia TK-E720: Kids Tablet | Android 13 | 7"" Touch Screen | Quad-Core Processor | 2GB RAM ,32GB Storage | Dual Cameras","Rs. 9,871",Daraz,tablet,https://www.daraz.com.np/products/great-asia-tk-e720-kids-tablet-android-13-7-touch-screen-quad-core-processor-2gb-ram-32gb-storage-dual-cameras-i146418589.html,,great asia tk e720 kids tablet android 13 7 touch screen quad core processor ram storage dual cameras,9871.0,P0100
"Green Orbit 2.0 AI Smartwatch  In-Build DA GPT, 1.43"" Super AMOLED Display  IP68 Water Resistance  123+ Sports Modes  BT Calling  Metallic Body With Stainless Steel & Leather  BT V5.3  250mAh Battery  30Days Standby Time  AOD  1 Year Warranty","Rs. 3,399",Daraz,smartwatch,https://www.daraz.com.np/products/green-orbit-20-ai-smartwatch-in-build-da-gpt-143-super-amoled-display-ip68-water-resistance-123-sports-modes-bt-calling-metallic-body-with-stainless-steel-leather-bt-v53-250mah-battery-30days-standby-time-aod-1-year-warranty-i375899310.html,,green orbit 2 0 ai smartwatch in build da gpt 1 43 super amoled display ip68 water resistance 123 sports modes bt calling metallic body with stainless steel leather bt v5 3 250mah battery 30days standby time aod 1 year,3399.0,P0101
"Green Orbit Pro Luxury Smart Watch | 1.43"" AMOLED Display | Metallic Body With Stainless Steel & Leather Strap | 3D Watch Faces  | BT Calling | IP68 Water Resistance | 178 Sports Modes | BT V5.2 | 270mAh Battery | 20 Days Standby | AOD | 1 Year Warranty","Rs. 4,174",Daraz,smartwatch,https://www.daraz.com.np/products/green-orbit-pro-luxury-smart-watch-143-amoled-display-metallic-body-with-stainless-steel-leather-strap-3d-watch-faces-bt-calling-ip68-water-resistance-178-sports-modes-bt-v52-270mah-battery-20-days-standby-aod-1-year-warranty-i164956430.html,,green orbit pro luxury smart watch 1 43 amoled display metallic body with stainless steel leather strap 3d watch faces bt calling ip68 water resistance 178 sports modes bt v5 2 270mah battery 20 days standby aod 1 year,4174.0,P0102
"Green Vortex Metallic Fitness Smartwatch | 1.43"" Super AMOLED Display | Bluetooth Calling | IP67 Water Resistance | 123 Sports Modes |  Luxury Sporty Design | BLE3.0 + 5.3 BT Version | 380Mah Battery | Low-Power Consumption Mode| 30 Days Stand By Back Up","Rs. 3,449",Daraz,smartwatch,https://www.daraz.com.np/products/green-vortex-metallic-fitness-smartwatch-143-super-amoled-display-bluetooth-calling-ip67-water-resistance-123-sports-modes-luxury-sporty-design-ble30-53-bt-version-380mah-battery-low-power-consumption-mode-30-days-stand-by-back-up-i155489973.html,,green vortex metallic fitness smartwatch 1 43 super amoled display bluetooth calling ip67 water resistance 123 sports modes luxury sporty design ble3 0 5 3 bt version 380mah battery low power consumption mode 30 days stand by back up,3449.0,P0103
H9 2.01 inch big display BT call smart watch smartwatch reloj inteligente h9 Health Sport NEW Smart Watch for Men and Women 2025,"Rs. 1,547",Daraz,smartwatch,https://www.daraz.com.np/products/h9-201-inch-big-display-bt-call-smart-watch-smartwatch-reloj-inteligente-h9-health-sport-new-smart-watch-for-men-and-women-2025-i169284335.html,,h9 2 01 inch big display bt call smart watch smartwatch reloj inteligente h9 health sport smart watch for men and women 2025,1547.0,P0104
Harman Kardon Aura Studio 5,Rs 48000,Oliz,all-products,https://olizstore.com/products/harman-kardon-aura-studio-5,2026-07-06 23:32:37,harman kardon aura studio 5,48000.0,P0105
Harman Kardon Onyx Studio 9,Rs 45000,Oliz,all-products,https://olizstore.com/products/harman-kardon-onyx-studio-9,2026-07-06 23:32:37,harman kardon onyx studio 9,45000.0,P0106
Harman Kardon Sound Sticks 5,Rs 52000,Oliz,all-products,https://olizstore.com/products/harman-kardon-sound-sticks-5,2026-07-06 23:32:37,harman kardon sound sticks 5,52000.0,P0107
HiFuture AURA 2,"Rs 10,499",Hukut,smartwatch,https://hukut.com/hifuture-aura-2,2026-07-06 23:31:51,hifuture aura 2,10499.0,P0108
HiFuture Fit Zone2,"Rs 5,199",Hukut,smartwatch,https://hukut.com/hifuture-fit-zone-2,2026-07-06 23:31:52,hifuture fit zone2,5199.0,P0109
HiFuture Flybuds 4,"Rs 4,199",Hukut,earphone,https://hukut.com/hifuture-flybuds-4,2026-07-06 23:32:07,hifuture flybuds 4,4199.0,P0110
HiFuture LUME,"Rs 5,199",Hukut,smartwatch,https://hukut.com/hifuture-lume,2026-07-06 23:31:52,hifuture lume,5199.0,P0111
Hifuture LUME PRO,"Rs 6,499",Hukut,smartwatch,https://hukut.com/hifuture-lume-pro,2026-07-06 23:31:53,hifuture lume pro,6499.0,P0112
HiFuture Mate 2 Pro,"Rs 6,999",Hukut,earphone,https://hukut.com/hifuture-futuremate-pro-price-in-nepal,2026-07-06 23:32:07,hifuture mate 2 pro,6999.0,P0113
HiFuture SonicAir,"Rs 2,499",Hukut,earphone,https://hukut.com/hifuture-sonicair,2026-07-06 23:32:06,hifuture sonicair,2499.0,P0114
HiFuture Ultra 3 Smart Watch,"Rs 5,999",Hukut,smartwatch,https://hukut.com/hifuture-ultra-3-smart-watch-price-in-nepal,2026-07-06 23:31:53,hifuture ultra 3 smart watch,5999.0,P0115
Hollyland LARK M2 DUO USB-C,Rs 14500,Oliz,all-products,https://olizstore.com/products/hollyland-lark-m2-duo-usb-c-price-in-nepal,2026-07-06 23:32:37,hollyland lark m2 duo usb c,14500.0,P0116
Hollyland Solidcom SE 6S 6-Person,Rs 140000,Oliz,all-products,https://olizstore.com/products/hollyland-solidcom-se-6s-6-person,2026-07-06 23:32:37,hollyland solidcom se 6s 6 person,140000.0,P0117
"HONOR 400 Pro 5G | 24*GB RAM, 512GB Storage | 200MP Ultra-clear AI Camera System | AI Image to Video | 6000mAh Silicon-carbon Battery | 100W Wired Charging and 50W Wireless charging","Rs. 88,480",Daraz,smartphone,https://www.daraz.com.np/products/honor-400-pro-5g-24gb-ram-512gb-storage-200mp-ultra-clear-ai-camera-system-ai-image-to-video-6000mah-silicon-carbon-battery-100w-wired-charging-and-50w-wireless-charging-i403848285.html,,honor 400 pro 24 gb ram storage 200mp ultra clear ai camera system ai image to video 6000mah silicon carbon battery 100w wired charging and 50w wireless charging,88480.0,P0118
Honor Buds X5e,"Rs 5,490",Hukut,earphone,https://hukut.com/honor-buds-x5e-price-in-nepal,2026-07-06 23:32:07,honor buds x5e,5490.0,P0119
"HONOR Pad X7 | 7020mAh Massive Battery | 8.7"" Eye Comfort Display | Snapdragon 8 Cores Chipset Buy","Rs. 21,999",Daraz,tablet,https://www.daraz.com.np/products/honor-pad-x7-7020mah-massive-battery-87-eye-comfort-display-snapdragon-8-cores-chipset-buy-i499274596.html,,honor pad x7 7020mah massive battery 8 7 eye comfort display snapdragon 8 cores chipset,21999.0,P0120
Honor Pad X8b,"Rs 29,999",Hukut,tablet,https://hukut.com/honor-pad-x8b,2026-07-06 23:32:20,honor pad x8b,29999.0,P0121
Honor Pad X9a,"Rs 25,499",Hukut,tablet,https://hukut.com/honor-pad-x9a,2026-07-06 23:32:21,honor pad x9a,25499.0,P0122
Honor X5c,"Rs 20,499",Hukut,smartphone,https://hukut.com/honor-x5c,2026-07-06 23:31:23,honor x5c,20499.0,P0123
Honor X8d,"Rs 39,999",Hukut,smartphone,https://hukut.com/honor-x8d,2026-07-06 23:31:22,honor x8d,39999.0,P0124
"HONOR X9d 5G | 8/12GB RAM, 256GB Storage | 2.5m Drop-resistant | IP69K Water-resistant | 8300mAh 3-day Battery | 108MP AI Camera","Rs. 54,999",Daraz,smartphone,https://www.daraz.com.np/products/honor-x9d-5g-812gb-ram-256gb-storage-25m-drop-resistant-ip69k-water-resistant-8300mah-3-day-battery-108mp-ai-camera-i511085056.html,,honor x9d 8 ram storage 2 5m drop resistant ip69k water resistant 8300mah 3 day battery 108mp ai camera,54999.0,P0125
HP 15-FD0154WM Ultra 5 125H Processor (14th Gen) – 8GB DDR5 RAM – 512GB NVMe SSD – 15.6″ FHD Touchscreen Display – Intel Integrated Graphics – Windows 11 Home – Natural Silver,"Rs. 97,777",Daraz,laptop,https://www.daraz.com.np/products/hp-15-fd0154wm-ultra-5-125h-processor-14th-gen-8gb-ddr5-ram-512gb-nvme-ssd-156-fhd-touchscreen-display-intel-integrated-graphics-windows-11-home-natural-silver-i1514320508.html,,hp 15 fd0154wm ultra 5 125h processor ddr5 ram nvme ssd 15 6 fhd touchscreen display intel integrated graphics windows 11 home natural silver,97777.0,P0126
HP 15 Ryzen 7 7730U | 16GB RAM | 512GB SSD | AMD Radeon Graphics | 15.6″ FHD Touch Display | Silver |15-fc0057wm,"Rs. 107,777",Daraz,laptop,https://www.daraz.com.np/products/hp-15-ryzen-7-7730u-16gb-ram-512gb-ssd-amd-radeon-graphics-156-fhd-touch-display-silver-15-fc0057wm-i1514697118.html,,hp 15 ryzen 7 7730u ram ssd amd radeon graphics 15 6 fhd touch display silver 15 fc0057wm,107777.0,P0127
"HP EliteBook 655 G10 | Ryzen 5 Pro 7530U | 32GB RAM | 1TB SSD | 15.6"" Laptop","Rs. 126,500",Daraz,laptop,https://www.daraz.com.np/products/hp-elitebook-655-g10-ryzen-5-pro-7530u-32gb-ram-1tb-ssd-156-laptop-i511642996.html,,hp elitebook 655 g10 ryzen 5 pro 7530u ram ssd 15 6 laptop,126500.0,P0128
HP Notebook 15-fc0124nia AMD Ryzen 3 7320U Processor – 8GB DDR5 RAM – 512GB NVMe SSD – AMD Radeon Integrated Graphics – 15.6″ FHD IPS Display – Backlit Keyboard - Natural Silver,"Rs. 72,777",Daraz,laptop,https://www.daraz.com.np/products/hp-notebook-15-fc0124nia-amd-ryzen-3-7320u-processor-8gb-ddr5-ram-512gb-nvme-ssd-amd-radeon-integrated-graphics-156-fhd-ips-display-backlit-keyboard-natural-silver-i1514314530.html,,hp notebook 15 fc0124nia amd ryzen 3 7320u processor ddr5 ram nvme ssd amd radeon integrated graphics 15 6 fhd ips display backlit keyboard natural silver,72777.0,P0129
"hp pavilion 14-ck 14-cf 240g7 ,Core i3 7th gen motherboard","Rs. 20,000",Daraz,laptop,https://www.daraz.com.np/products/hp-pavilion-14-ck-14-cf-240g7-core-i3-7th-gen-motherboard-i1516141900.html,,hp pavilion 14 ck 14 cf 240g7 core i3 7th gen motherboard,20000.0,P0130
HP Pavilion 16 Ryzen 7 8840HS 8GB RAM 512GB SSD 16 Inch Laptop,"Rs. 109,999",Daraz,laptop,https://www.daraz.com.np/products/hp-pavilion-16-ryzen-7-8840hs-8gb-ram-512gb-ssd-16-inch-laptop-i511349978.html,,hp pavilion 16 ryzen 7 8840hs ram ssd 16 inch laptop,109999.0,P0131
HUAWEI FreeBuds SE 4 ANC,"Rs 7,489",Hukut,earphone,https://hukut.com/huawei-freebuds-se-4-anc,2026-07-06 23:32:07,huawei freebuds se 4 anc,7489.0,P0132
Huawei Watch GT 6 Pro,"Rs 54,489",Hukut,smartwatch,https://hukut.com/huawei-watch-gt-6-pro,2026-07-06 23:31:52,huawei watch gt 6 pro,54489.0,P0133
"I20/H20 Ultra Max Suit Smart Watch & Airpods 10 in 1 in One Box 2.3inch Large Screen Smart Watch with Earbuds / BT Calling Smart Watch with AMOLED Display & Activity, Health Tracker for Men & Women","Rs. 1,349",Daraz,smartwatch,https://www.daraz.com.np/products/i20h20-ultra-max-suit-smart-watch-airpods-10-in-1-in-one-box-23inch-large-screen-smart-watch-with-earbuds-bt-calling-smart-watch-with-amoled-display-activity-health-tracker-for-men-women-i186897046.html,,i20 h20 ultra max suit smart watch airpods 10 in 1 in one box 2 3inch large screen smart watch with earbuds bt calling smart watch with amoled display activity health tracker for men women,1349.0,P0134
"i20 ltra ax Suit Smart Watch 10 in 1Set Smart Watch with WS tooth Earphones Wireless Earbuds, 7 Straps, 1silone Smart Watch Case 49mm for o and s 2.31 LED Display,ulti- odes, eartate Sping, tooth Calling.","Rs. 1,174",Daraz,smartwatch,https://www.daraz.com.np/products/i20-ltra-ax-suit-smart-watch-10-in-1set-smart-watch-with-ws-tooth-earphones-wireless-earbuds-7-straps-1silone-smart-watch-case-49mm-for-o-and-s-231-led-displayulti-odes-eartate-sping-tooth-calling-i403460500.html,,i20 ltra ax suit smart watch 10 in 1set smart watch with ws tooth earphones wireless earbuds 7 straps 1silone smart watch case 49mm for o and s 2 31 led display ulti odes eartate sping tooth calling,1174.0,P0135
New i20 ULTRA MAX SUIT smart watch multi- function male Bluetooth headset Android,"Rs. 1,249",Daraz,smartwatch,https://www.daraz.com.np/products/new-i20-ultra-max-suit-smart-watch-multi-function-male-bluetooth-headset-android-i411559585.html,,i20 ultra max suit smart watch multi function male bluetooth headset android,1249.0,P0136
Infinix Smart 20,"Rs 21,999",Hukut,smartphone,https://hukut.com/infinix-smart-20,2026-07-06 23:31:23,infinix smart 20,21999.0,P0137
Infinix Xpad,"Rs 31,499",Hukut,tablet,https://hukut.com/infinix-xpad,2026-07-06 23:32:22,infinix xpad,31499.0,P0138
INOI A72 2 gb ram 32 gb rom,"Rs. 7,416",Daraz,tablet,https://www.daraz.com.np/products/inoi-a72-2-gb-ram-32-gb-rom-i168235337.html,,inoi a72 ram rom,7416.0,P0139
Insta360 X5 Starter Bundle,Rs 104000,Oliz,all-products,https://olizstore.com/products/insta360-x5-starter-bundle-price-in-nepal,2026-07-06 23:32:37,insta360 x5 starter bundle,104000.0,P0140
iPad 11-Inch (A16),"Rs. 88,000",Daraz,tablet,https://www.daraz.com.np/products/ipad-11-inch-a16-i437305776.html,,ipad 11 inch,88000.0,P0141
IPRO S 501 Aplus-4G Android Smart Phone,"Rs. 3,976",Daraz,smartphone,https://www.daraz.com.np/products/ipro-s-501-aplus-4g-android-smart-phone-i127665045.html,,ipro s 501 aplus android smart phone,3976.0,P0142
JBL Go 5,Rs 9000,Oliz,all-products,https://olizstore.com/products/jbl-go-5,2026-07-06 23:32:37,jbl go 5,9000.0,P0143
JBL PartyBox 520,Rs 109000,Oliz,all-products,https://olizstore.com/products/jbl-partybox-520,2026-07-06 23:32:37,jbl partybox 520,109000.0,P0144
JBL PartyBox 720,Rs 148000,Oliz,all-products,https://olizstore.com/products/jbl-partybox-720,2026-07-06 23:32:37,jbl partybox 720,148000.0,P0145
JBL PartyBox Encore 2,Rs 65000,Oliz,all-products,https://olizstore.com/products/jbl-partybox-encore-2,2026-07-06 23:32:37,jbl partybox encore 2,65000.0,P0146
JBL PartyBox Encore Essential 2,Rs 57500,Oliz,all-products,https://olizstore.com/products/jbl-partybox-encore-essential-2-price-in-nepal,2026-07-06 23:32:37,jbl partybox encore essential 2,57500.0,P0147
JBL PartyBox On-The-Go 2,Rs 65000,Oliz,all-products,https://olizstore.com/products/jbl-partybox-on-the-go-2,2026-07-06 23:32:37,jbl partybox on the go 2,65000.0,P0148
JBL Wave Beam 2,"Rs 11,500",Hukut,earphone,https://hukut.com/jbl-wave-beam-2,2026-07-06 23:32:06,jbl wave beam 2,11500.0,P0149
K\u0026F Concept 65cm Gray Neck Mount Including Fixing Screws,Rs 4750,Oliz,all-products,https://olizstore.com/products/kandf-concept-65cm-gray-neck-mount-including-fixing-screws,2026-07-06 23:32:37,k u0026f concept 65cm gray neck mount including fixing screws,4750.0,P0150
K\u0026F Concept 65cm Gray Neck Mount Kit,Rs 4050,Oliz,all-products,https://olizstore.com/products/kandf-65cm-gray-neck-mount-kit,2026-07-06 23:32:37,k u0026f concept 65cm gray neck mount kit,4050.0,P0151
K\u0026F Concept Charging Adapter Base for DJI Osmo Pocket 4/3,Rs 3000,Oliz,all-products,https://olizstore.com/products/kandf-concept-charging-adapter-base-for-dji-osmo-pocket-43,2026-07-06 23:32:37,k u0026f concept charging adapter base for dji osmo pocket 4 3,3000.0,P0152
K\u0026F Concept DJI Action Camera filter,Rs 9900,Oliz,all-products,https://olizstore.com/products/kandf-concept-dji-action-camera-filter,2026-07-06 23:32:37,k u0026f concept dji action camera filter,9900.0,P0153
K\u0026F Concept DJI Osmo 360 Rabbit Cage,Rs 7800,Oliz,all-products,https://olizstore.com/products/kandf-concept-dji-osmo-360-rabbit-cage,2026-07-06 23:32:37,k u0026f concept dji osmo 360 rabbit cage,7800.0,P0154
K\u0026F Concept DJI OSMO ACTION 6 Cage Tempered Glass Screen Protector,Rs 8100,Oliz,all-products,https://olizstore.com/products/kandf-concept-dji-osmo-action-6-cage-tempered-glass-screen-protector,2026-07-06 23:32:37,k u0026f concept dji osmo action 6 cage tempered glass screen protector,8100.0,P0155
K\u0026F Concept DJI Osmo Action 6 Lightweight Rabbit Cage,Rs 6200,Oliz,all-products,https://olizstore.com/products/kandf-concept-dji-osmo-action-6-lightweight-rabbit-cage,2026-07-06 23:32:37,k u0026f concept dji osmo action 6 lightweight rabbit cage,6200.0,P0156
K\u0026F Concept DJI Osmo Action 6 Waterproof Case Kit,Rs 3450,Oliz,all-products,https://olizstore.com/products/kandf-concept-dji-osmo-action-6-waterproof-case-kit,2026-07-06 23:32:37,k u0026f concept dji osmo action 6 waterproof case kit,3450.0,P0157
K\u0026F Concept DJI OSMO Pocket 3/4 (Black Diffusion1/4+CPL\u0026ND2-32),Rs 4800,Oliz,all-products,https://olizstore.com/products/kandf-concept-dji-osmo-pocket-34-(black-diffusion14+cplandnd2-32),2026-07-06 23:32:37,k u0026f concept dji osmo pocket 3 4,4800.0,P0158
K\u0026F Concept DJI OSMO Pocket 3/4 (CPL+Black Diffusion1/4+ND2-32),Rs 8100,Oliz,all-products,https://olizstore.com/products/kandf-concept-dji-osmo-pocket-34-cpl+black-diffusion14+nd2-32,2026-07-06 23:32:37,k u0026f concept dji osmo pocket 3 4,8100.0,P0158
K\u0026F Concept DJI Osmo Pocket 3/4 Pocket Filter (Black Soft 1/4+ND16+ND64+ND256) 4-Piece Set,Rs 7950,Oliz,all-products,https://olizstore.com/products/kandf-concept-dji-osmo-pocket-34-pocket-filter-(black-soft-14+nd16+nd64+nd256)-4-piece-set,2026-07-06 23:32:37,k u0026f concept dji osmo pocket 3 4 pocket filter 4 piece set,7950.0,P0159
K\u0026F Concept DJI OSMO Pocket 3/4 With Enlarging lens,Rs 6850,Oliz,all-products,https://olizstore.com/products/kandf-concept-dji-osmo-pocket-34-with-enlarging-lens,2026-07-06 23:32:37,k u0026f concept dji osmo pocket 3 4 with enlarging lens,6850.0,P0160
K\u0026F Concept DJI Osmo Pocket 3 Aluminum Magnetic Expansion Frame,Rs 6600,Oliz,all-products,https://olizstore.com/products/kandf-concept-dji-osmo-pocket-3-aluminum-magnetic-expansion-frame,2026-07-06 23:32:37,k u0026f concept dji osmo pocket 3 aluminum magnetic expansion frame,6600.0,P0161
K\u0026F Concept DJI OSMO Pocket 3 Black Lanyard Price in Nepal,Rs 2000,Oliz,all-products,https://olizstore.com/products/kandf-concept-dji-osmo-pocket-3-black-lanyard-price-in-nepal,2026-07-06 23:32:37,k u0026f concept dji osmo pocket 3 black lanyard,2000.0,P0162
K\u0026F Concept DJI Osmo Pocket 3 Cell Phone Holder,Rs 2500,Oliz,all-products,https://olizstore.com/products/dji-osmo-pocket-3-cell-phone-holder,2026-07-06 23:32:37,k u0026f concept dji osmo pocket 3 cell phone holder,2500.0,P0163
K\u0026F Concept DJI Osmo Pocket 3 Quick Release Base (2-Pack),Rs 5250,Oliz,all-products,https://olizstore.com/products/dji-osmo-pocket-3-quick-release-base-(2-pack),2026-07-06 23:32:37,k u0026f concept dji osmo pocket 3 quick release base,5250.0,P0164
K\u0026F Concept DJI Osmo Pocket 4 MagSafe Magnetic Expansion Box,Rs 5500,Oliz,all-products,https://olizstore.com/products/dji-osmo-pocket-4-magsafe-magnetic-expansion-box,2026-07-06 23:32:37,k u0026f concept dji osmo pocket 4 magsafe magnetic expansion box,5500.0,P0165
K\u0026F Concept DJI OSMO Pocket 4 Protective Case with 4 filter slots Price in Nepal,Rs 2250,Oliz,all-products,https://olizstore.com/products/kandf-concept-dji-osmo-pocket-4-protective-case-with-4-filter-slots-price-in-nepal,2026-07-06 23:32:37,k u0026f concept dji osmo pocket 4 protective case with 4 filter slots,2250.0,P0166
K\u0026F Concept Effect Lens \u0026 ND Filter Kit for DJI Osmo Pocket 4/3,Rs 21900,Oliz,all-products,https://olizstore.com/products/kandf-concept-effect-lens-and-nd-filter-kit-for-dji-osmo-pocket-43,2026-07-06 23:32:37,k u0026f concept effect lens u0026 nd filter kit for dji osmo pocket 4 3,21900.0,P0167
K\u0026F Concept Gimbal Cover Camera Lens Protector Cap for DJI Osmo Pocket 3,Rs 1800,Oliz,all-products,https://olizstore.com/products/kandf-concept-gimbal-cover-camera-lens-protector-cap-for-dji-osmo-pocket-3,2026-07-06 23:32:37,k u0026f concept gimbal cover camera lens protector cap for dji osmo pocket 3,1800.0,P0168
K\u0026F Concept Nano-Adhesive Vacuum Suction Cup Magnetic Phone Mount,Rs 3850,Oliz,all-products,https://olizstore.com/products/kandf-nano-adhesive-vacuum-suction-cup-magnetic-phone-mount,2026-07-06 23:32:37,k u0026f concept nano adhesive vacuum suction cup magnetic phone mount,3850.0,P0169
K\u0026F Concept Pocket 3 Aluminum Alloy Multi-function Expansion Frame,Rs 4650,Oliz,all-products,https://olizstore.com/products/kandf-pocket-3-aluminum-alloy-multi-function-expansion-frame,2026-07-06 23:32:37,k u0026f concept pocket 3 aluminum alloy multi function expansion frame,4650.0,P0170
K\u0026F Concept Pocket 3 Suction Cup Mount,Rs 1900,Oliz,all-products,https://olizstore.com/products/kandf-concept-pocket-3-suction-cup-mount,2026-07-06 23:32:37,k u0026f concept pocket 3 suction cup mount,1900.0,P0171
K\u0026F Concept Silicone Non-Slip Desktop Mount for DJI Osmo Pocket 3,Rs 1000,Oliz,all-products,https://olizstore.com/products/silicone-non-slip-desktop-mount-for-dji-osmo-pocket-3,2026-07-06 23:32:37,k u0026f concept silicone non slip desktop mount for dji osmo pocket 3,1000.0,P0172
K\u0026F Concept Smart Series MS-62 Selfie Stick / Desktop Stand (Medium),Rs 3100,Oliz,all-products,https://olizstore.com/products/smart-series-ms-62-selfie-stick-desktop-stand-(medium),2026-07-06 23:32:37,k u0026f concept smart series ms 62 selfie stick desktop stand,3100.0,P0173
K\u0026F Concept Sports Camera Accessory Kit With Adjustable Cord Magnetic Neck,Rs 3400,Oliz,all-products,https://olizstore.com/products/kandf-concept-sports-camera-accessory-kit-with-adjustable-cord-magnetic-neck-price-in-nepal,2026-07-06 23:32:37,k u0026f concept sports camera accessory kit with adjustable cord magnetic neck,3400.0,P0174
K\u0026F Concept Sports Camera Helmet Chin Mount With 1/4 Turn Adapter Price in Nepal,Rs 1150,Oliz,all-products,https://olizstore.com/products/kandf-concept-sports-camera-helmet-chin-mount-with-14-turn-adapter-price-in-nepal,2026-07-06 23:32:37,k u0026f concept sports camera helmet chin mount with 1 4 turn adapter,1150.0,P0175
K\u0026F Concept Sports Camera Pocket 3 Accessory Kit,Rs 1800,Oliz,all-products,https://olizstore.com/products/kandf-concept-sports-camera-pocket-3-accessory-kit,2026-07-06 23:32:37,k u0026f concept sports camera pocket 3 accessory kit,1800.0,P0176
K\u0026F Concept Sports Camera Wearable Accessory Set,Rs 2400,Oliz,all-products,https://olizstore.com/products/kandf-concept-sports-camera-wearable-accessory-set,2026-07-06 23:32:37,k u0026f concept sports camera wearable accessory set,2400.0,P0177
K\u0026F Concept Sports Camera Wearable Accessories Big Set,Rs 4200,Oliz,all-products,https://olizstore.com/products/kandf-concept-sports-camera-wearable-accessories-big-set,2026-07-06 23:32:37,k u0026f concept sports camera wearable accessories big set,4200.0,P0177
K\u0026F Concept Storage Case for DJI Osmo Pocket 3,Rs 3200,Oliz,all-products,https://olizstore.com/products/kandf-concept-storage-case-for-dji-osmo-pocket-3,2026-07-06 23:32:37,k u0026f concept storage case for dji osmo pocket 3,3200.0,P0178
K\u0026F Concept Windshield Mount Clamp,Rs 2850,Oliz,all-products,https://olizstore.com/products/kandf-concept-windshield-mount-clamp,2026-07-06 23:32:37,k u0026f concept windshield mount clamp,2850.0,P0179
Kick AeroPods 181 Pro ANC,"Rs 2,499",Hukut,earphone,https://hukut.com/kick-aeropods-181-pro-anc,2026-07-06 23:32:06,kick aeropods 181 pro anc,2499.0,P0180
Kick Phantom Watch Ultra,"Rs 2,999",Hukut,smartwatch,https://hukut.com/kick-phantom-watch-ultra,2026-07-06 23:31:52,kick phantom watch ultra,2999.0,P0181
Kids Calling Smart Watch For Boys & Girls & 2 way Voice Calling And Massage Sim Card Selfie Camera Prasent App Voice Chat Long Battery Life LBS Location Tracking,"Rs. 1,549",Daraz,smartwatch,https://www.daraz.com.np/products/kids-calling-smart-watch-for-boys-girls-2-way-voice-calling-and-massage-sim-card-selfie-camera-prasent-app-voice-chat-long-battery-life-lbs-location-tracking-i1513357954.html,,kids calling smart watch for boys girls 2 way voice calling and massage sim card selfie camera prasent app voice chat long battery life lbs location tracking,1549.0,P0182
Kivi ITab A1Tablet 4/32GB With One Year Warranty,"Rs. 8,315",Daraz,tablet,https://www.daraz.com.np/products/kivi-itab-a1tablet-432gb-with-one-year-warranty-i121820907.html,,kivi itab a1tablet 4 with one year,8315.0,P0183
Laptop Acer Aspire Lite 15 AL15-44P AMD Ryzen 5 7430U – 16GB DDR4 RAM – 512GB NVMe SSD – AMD Radeon Integrated Graphics – 15.6″ FHD IPS Display – Silver,"Rs. 93,777",Daraz,laptop,https://www.daraz.com.np/products/laptop-acer-aspire-lite-15-al15-44p-amd-ryzen-5-7430u-16gb-ddr4-ram-512gb-nvme-ssd-amd-radeon-integrated-graphics-156-fhd-ips-display-silver-i1514421233.html,,laptop acer aspire lite 15 al15 44p amd ryzen 5 7430u ddr4 ram nvme ssd amd radeon integrated graphics 15 6 fhd ips display silver,93777.0,P0184
Lenovo IdeaPad 1 2025 15AMN7 (AMD Ryzen 5 7520U Radeon 610M Graphics 16GB 512GB SSD),"Rs 93,999",Hukut,laptop,https://hukut.com/lenovo-ideapad-1-15amn7-2025-amd-ryzen-5-7520u-16gb-512gb-15-6-inch-laptop,2026-07-06 23:31:37,lenovo ideapad 1 2025 15amn7,93999.0,P0185
Lenovo IdeaPad 1 Ryzen 5 7520U | 8GB RAM | 256GB SSD | 15.6″ Full HD Laptop | Abyss Blue,"Rs. 79,999",Daraz,laptop,https://www.daraz.com.np/products/lenovo-ideapad-1-ryzen-5-7520u-8gb-ram-256gb-ssd-156-full-hd-laptop-abyss-blue-i1514701048.html,,lenovo ideapad 1 ryzen 5 7520u ram ssd 15 6 full hd laptop abyss blue,79999.0,P0186
Lenovo IdeaPad 1i – Intel Core i5 1335U 13th Gen – 16GB DDR4 RAM – 256GB NVMe SSD – Intel Iris Xe Integrated Graphics – 15.6″ Full HD (1920 x 1080) Display – Cloud Grey,"Rs. 83,777",Daraz,laptop,https://www.daraz.com.np/products/lenovo-ideapad-1i-intel-core-i5-1335u-13th-gen-16gb-ddr4-ram-256gb-nvme-ssd-intel-iris-xe-integrated-graphics-156-full-hd-1920-x-1080-display-cloud-grey-i1514316560.html,,lenovo ideapad 1i intel core i5 1335u 13th gen ddr4 ram nvme ssd intel iris xe integrated graphics 15 6 full hd display cloud grey,83777.0,P0187
Lenovo IdeaPad Slim 3 2023 (AMD Ryzen 5 7520U | AMD Radeon 610M Graphics),"Rs 84,999",Hukut,laptop,https://hukut.com/lenovo-ideapad-slim-3-2023-ryzen-5-7520u,2026-07-06 23:31:38,lenovo ideapad slim 3 2023,84999.0,P0188
Lenovo IdeaPad Slim 3i 2025 (13th Gen Intel Core i5-13420H | Intel UHD Graphics),"Rs 114,999",Hukut,laptop,https://hukut.com/lenovo-ideapad-slim-3-i5-13420h,2026-07-06 23:31:37,lenovo ideapad slim 3i 2025,114999.0,P0188
Lenovo ThinkCentre Neo 50T 2025 (13th Gen Intel Core i3-13100 | Intel UHD Graphics),"Rs 93,999",Hukut,laptop,https://hukut.com/lenovo-thinkcentre-neo-50t-2025-13th-gen-core-i3-13100-intel-uhd,2026-07-06 23:31:38,lenovo thinkcentre neo 50t 2025,93999.0,P0189
Lenovo V14 G4 2025 G4 AMN (AMD Ryzen 5 7520U | AMD Radeon 610M Graphics),"Rs 96,999",Hukut,laptop,https://hukut.com/lenovo-v14-g4-2025-ryzen-5-7520u-radeon-610m,2026-07-06 23:31:38,lenovo v14 g4 2025 g4 amn,96999.0,P0190
Lenovo V14 G5 2025 (13th Gen Intel Core i3-1315U | Intel UHD Graphics),"Rs 71,999",Hukut,laptop,https://hukut.com/lenovo-v14-g5-2025-intel-i3-1315u-uhd-graphics,2026-07-06 23:31:38,lenovo v14 g5 2025,71999.0,P0191
Lephone w10 (Gold 8gb) 1 gb ram,"Rs. 5,096",Daraz,smartphone,https://www.daraz.com.np/products/lephone-w10-gold-8-gb1-gb-ram-i115697756.html,,lephone w10 ram,5096.0,P0192
Levoit Windi Mini Portable Desk Tower Fan,Rs 13500,Oliz,all-products,https://olizstore.com/products/levoit-windi-mini-portable-desk-tower-fan-price-in-nepal,2026-07-06 23:32:37,levoit windi mini portable desk tower fan,13500.0,P0193
Levoit Windi Mini Pro Portable Desk Tower Fan,Rs 20500,Oliz,all-products,https://olizstore.com/products/levoit-windi-mini-pro-portable-desk-tower-fan,2026-07-06 23:32:37,levoit windi mini pro portable desk tower fan,20500.0,P0194
Marshall Bromley 750,Rs 185000,Oliz,all-products,https://olizstore.com/products/marshall-bromley-750,2026-07-06 23:32:37,marshall bromley 750,185000.0,P0195
Marshall Heston 120,Rs 185000,Oliz,all-products,https://olizstore.com/products/marshall-heston-120,2026-07-06 23:32:37,marshall heston 120,185000.0,P0196
Marshall Heston 60,Rs 110000,Oliz,all-products,https://olizstore.com/products/marshall-heston-60,2026-07-06 23:32:37,marshall heston 60,110000.0,P0197
Marshall Kilburn III,Rs 58000,Oliz,all-products,https://olizstore.com/products/marshall-kilburn-iii,2026-07-06 23:32:37,marshall kilburn iii,58000.0,P0198
Marshall Sub 200,Rs 78000,Oliz,all-products,https://olizstore.com/products/marshall-sub-200,2026-07-06 23:32:37,marshall sub 200,78000.0,P0199
MOVA Diver A10 Robotic Pool Cleaner,Rs 145000,Oliz,all-products,https://olizstore.com/products/mova-diver-a10-robotic-pool-cleaner-price-in-nepal,2026-07-06 23:32:37,mova diver a10 robotic pool cleaner,145000.0,P0200
MOVA Rover X10 Robotic Pool Cleaner,Rs 485000,Oliz,all-products,https://olizstore.com/products/mova-rover-x10-robotic-pool-cleaner-price-in-nepal,2026-07-06 23:32:37,mova rover x10 robotic pool cleaner,485000.0,P0201
Nebula Mars 3 Air Portable Google TV Projector,Rs 85000,Oliz,all-products,https://olizstore.com/products/nebula-mars-3-air-portable-google-tv-projector,2026-07-06 23:32:37,nebula mars 3 air portable google tv projector,85000.0,P0202
Nothing Phone (4a),"Rs 71,999",Hukut,smartphone,https://hukut.com/nothing-phone-(4a),2026-07-06 23:31:22,nothing phone,71999.0,P0203
"Nothing Phone (3a) lite 6.77"" Flexible AMOLED Display | MediaTek Dimensity 7300 Pro 5G Processor | 5,000 mAh Battery","Rs. 40,999",Daraz,smartphone,https://www.daraz.com.np/products/nothing-phone-3a-lite-677-flexible-amoled-display-mediatek-dimensity-7300-pro-5g-processor-5000-mah-battery-i502456765.html,,nothing phone lite 6 77 flexible amoled display mediatek dimensity 7300 pro processor 5 000 mah battery,40999.0,P0204
OnePlus 15 | 16GB+512GB | Sand Storm | Snapdragon® 8 Elite Gen 5 | 7300mAh Battery | Personalized AI | Game-Changing 165Hz Display | Triple 50MP Camera with 4K 120fps Dolby Vision,"Rs. 169,999",Daraz,smartphone,https://www.daraz.com.np/products/oneplus-15-16gb512gb-sand-storm-snapdragon-8-elite-gen-5-7300mah-battery-personalized-ai-game-changing-165hz-display-triple-50mp-camera-with-4k-120fps-dolby-vision-i505325524.html,,oneplus 15 sand storm snapdragon 8 elite gen 5 7300mah battery personalized ai game changing 165hz display triple 50mp camera with 4k 120fps dolby vision,169999.0,P0205
"OnePlus Nord 5 5G | 12GB RAM, 512GB Storage | Snapdragon™ 8s Gen 3 | 144Hz Swift AMOLED Display + Dual Stereo Speakers","Rs. 79,999",Daraz,smartphone,https://www.daraz.com.np/products/oneplus-nord-5-5g-12gb-ram-512gb-storage-snapdragon-8s-gen-3-144hz-swift-amoled-display-dual-stereo-speakers-i421593556.html,,oneplus nord 5 ram storage snapdragon 8s gen 3 144hz swift amoled display dual stereo speakers,79999.0,P0206
OnePlus Pad Lite,"Rs 34,999",Hukut,tablet,https://hukut.com/oneplus-pad-lite,2026-07-06 23:32:20,oneplus pad lite,34999.0,P0207
Oraimo SpaceBuds Neo+ Earbuds,"Rs 3,399",Hukut,earphone,https://hukut.com/oraimo-spacebuds-neo-plus-earbuds,2026-07-06 23:32:06,oraimo spacebuds neo earbuds,3399.0,P0208
Oraimo Watch 5R,"Rs 5,999",Hukut,smartwatch,https://hukut.com/oraimo-watch-5r,2026-07-06 23:31:53,oraimo watch 5r,5999.0,P0209
PITAKA × MÜNN Flora in Grid Edge Case (Cloud Dusk) for iPhone 17 Pro Max,Rs 9000,Oliz,all-products,https://olizstore.com/products/pitaka-munn-flora-in-grid-edge-case-(cloud-dusk)-for-iphone-17-pro-max,2026-07-06 23:32:37,pitaka m nn flora in grid edge case for iphone 17 pro max,9000.0,P0210
PITAKA Monogram Edge Case – Leaping for iPhone 17 Pro Max (Orange Black),Rs 9000,Oliz,all-products,https://olizstore.com/products/pitaka-monogram-edge-case-leaping-for-iphone-17-pro-max-(orange-black),2026-07-06 23:32:37,pitaka monogram edge case leaping for iphone 17 pro max,9000.0,P0211
Pitaka Sunset 2.0 – California Dream 02 Edge Case for iPhone 17 Pro Max,Rs 9000,Oliz,all-products,https://olizstore.com/products/pitaka-sunset-2.0-california-dream-02-edge-case-for-iphone-17-pro-max,2026-07-06 23:32:37,pitaka sunset 2 0 california dream 02 edge case for iphone 17 pro max,9000.0,P0212
Plus Smart Watch Full Screen 1.75 Inch With Silicone Band Rotating Crown Make/Answer Calls Fitness Tracker Health Monitor,"Rs. 1,881",Daraz,smartwatch,https://www.daraz.com.np/products/plus-smart-watch-full-screen-175-inch-with-silicone-band-rotating-crown-makeanswer-calls-fitness-tracker-health-monitor-i104256041.html,,plus smart watch full screen 1 75 inch with silicone band rotating crown make answer calls fitness tracker health monitor,1881.0,P0213
Redmi 15C 4G,"Rs 19,999",Hukut,smartphone,https://hukut.com/redmi-15c-4g,2026-07-06 23:31:23,redmi 15c,19999.0,P0214
"Redmi 15C (6GB+128GB) | 6.9"" Dot Drop DIsplay |  MediaTek Helio G81-Ultra processor | 6000mAh (typ) battery | 33W Fast charging | 10W reverse charging","Rs. 21,999",Daraz,smartphone,https://www.daraz.com.np/products/redmi-15c-6gb128gb-69-dot-drop-display-mediatek-helio-g81-ultra-processor-6000mah-typ-battery-33w-fast-charging-10w-reverse-charging-i480184210.html,,redmi 15c 6 9 dot drop display mediatek helio g81 ultra processor 6000mah battery 33w fast charging 10w reverse charging,21999.0,P0215
Redmi Note 15 Pro,"Rs 53,999",Hukut,smartphone,https://hukut.com/redmi-note-15-pro,2026-07-06 23:31:22,redmi note 15 pro,53999.0,P0216
S9 Max Smartwatch | Large HD Screen | Heart Rate Monitor & Call Function,"Rs. 1,161",Daraz,smartwatch,https://www.daraz.com.np/products/s9-max-smartwatch-large-hd-screen-heart-rate-monitor-call-function-i132135244.html,,s9 max smartwatch large hd screen heart rate monitor call function,1161.0,P0217
Samsung 60W Power Adapter,Rs 5999,Oliz,all-products,https://olizstore.com/products/samsung-60-w-power-adapter-price-in-nepal,2026-07-06 23:32:37,samsung 60w power adapter,5999.0,P0218
Samsung Galaxy A07 4G,"Rs 18,999",Hukut,smartphone,https://hukut.com/samsung-galaxy-a07-4g,2026-07-06 23:31:23,samsung galaxy a07,18999.0,P0219
"Samsung Galaxy A07 (6GB RAM + 128GB) | 6.7"" 90Hz Display | 5000mAh Battery","Rs. 26,499",Daraz,smartphone,https://www.daraz.com.np/products/samsung-galaxy-a07-6gb-ram-128gb-67-90hz-display-5000mah-battery-i479109640.html,,samsung galaxy a07 6 7 90hz display 5000mah battery,26499.0,P0220
Samsung Galaxy A07 4GB 128GB Smartphone 6.7 Inch HD+ 90Hz Display 50MP Camera 5000mAh Battery Long Lasting Performance Mobile Phone,"Rs. 22,499",Daraz,smartphone,https://www.daraz.com.np/products/samsung-galaxy-a07-4gb-128gb-smartphone-67-inch-hd-90hz-display-50mp-camera-5000mah-battery-long-lasting-performance-mobile-phone-i496280661.html,,samsung galaxy a07 smartphone 6 7 inch hd 90hz display 50mp camera 5000mah battery long lasting performance mobile phone,22499.0,P0221
"Samsung Galaxy A17 5G (6GB/128GB) | 6.7"" sAMOLED 90Hz Display | 50MP Main Camera | 5000mAh Battery","Rs. 33,999",Daraz,smartphone,https://www.daraz.com.np/products/samsung-galaxy-a17-5g-6gb128gb-67-samoled-90hz-display-50mp-main-camera-5000mah-battery-i496096859.html,,samsung galaxy a17 6 7 samoled 90hz display 50mp main camera 5000mah battery,33999.0,P0222
Samsung Galaxy A17 5G (6GB RAM + 128GB) | 90Hz Super AMOLED | 50MP Camera With 25W Power Adapter,"Rs. 33,999",Daraz,smartphone,https://www.daraz.com.np/products/samsung-galaxy-a17-5g-6gb-ram-128gb-90hz-super-amoled-50mp-camera-with-25w-power-adapter-i479073236.html,,samsung galaxy a17 90hz super amoled 50mp camera with 25w power adapter,33999.0,P0223
Samsung Galaxy A17 5G (8GB RAM + 128GB) | 90Hz Super AMOLED | 50MP Camera With 25W Power Adapter,"Rs. 36,999",Daraz,smartphone,https://www.daraz.com.np/products/samsung-galaxy-a17-5g-8gb-ram-128gb-90hz-super-amoled-50mp-camera-with-25w-power-adapter-i479125093.html,,samsung galaxy a17 90hz super amoled 50mp camera with 25w power adapter,36999.0,P0223
Samsung Galaxy A57,"Rs 79,999",Hukut,smartphone,https://hukut.com/samsung-galaxy-a57,2026-07-06 23:31:22,samsung galaxy a57,79999.0,P0224
Samsung Galaxy Buds Core,"Rs 7,999",Hukut,earphone,https://hukut.com/samsung-galaxy-buds-core,2026-07-06 23:32:06,samsung galaxy buds core,7999.0,P0225
Samsung Galaxy S25 FE,Rs 107999,Oliz,all-products,https://olizstore.com/products/samsung-galaxy-s25-fe-price-in-nepal-1pt,2026-07-06 23:32:37,samsung galaxy s25 fe,107999.0,P0226
Samsung Galaxy Tab A11,"Rs 21,999",Hukut,tablet,https://hukut.com/samsung-galaxy-tab-a11,2026-07-06 23:32:20,samsung galaxy tab a11,21999.0,P0227
Samsung Galaxy Tab A11+,"Rs 41,999",Hukut,tablet,https://hukut.com/samsung-galaxy-tab-a11-plus,2026-07-06 23:32:20,samsung galaxy tab a11,41999.0,P0227
Samsung Galaxy Tab A9,"Rs 27,499",Hukut,tablet,https://hukut.com/samsung-galaxy-tab-a9-price-in-nepal,2026-07-06 23:32:21,samsung galaxy tab a9,27499.0,P0228
Samsung Galaxy Tab A9+,"Rs 44,999",Hukut,tablet,https://hukut.com/samsung-galaxy-tab-a9-plus,2026-07-06 23:32:21,samsung galaxy tab a9,44999.0,P0228
Samsung Galaxy Tab S10 Lite,"Rs 63,499",Hukut,tablet,https://hukut.com/samsung-galaxy-tab-s10-lite,2026-07-06 23:32:21,samsung galaxy tab s10 lite,63499.0,P0229
Samsung Galaxy Watch 8 Classic,"Rs 82,999",Hukut,smartwatch,https://hukut.com/samsung-galaxy-watch-8-classic,2026-07-06 23:31:51,samsung galaxy watch 8 classic,82999.0,P0230
Seiko 5 Sports SKX Series SRPK29K1 Automatic Men's Watch,Rs 60000,Oliz,all-products,https://olizstore.com/products/seiko-5-sports-skx-series-srpk29k1-automatic-men's-watch,2026-07-06 23:32:37,seiko 5 sports skx series srpk29k1 automatic men s watch,60000.0,P0231
Seiko 5 Sports SKX Series SRPK31K1 Automatic Men's Watch,Rs 60000,Oliz,all-products,https://olizstore.com/products/seiko-5-sports-skx-series-srpk31k1-automatic-men's-watch,2026-07-06 23:32:37,seiko 5 sports skx series srpk31k1 automatic men s watch,60000.0,P0231
Seiko 5 Sports SKX Series SRPK33K1 Automatic Men's Watch,Rs 60000,Oliz,all-products,https://olizstore.com/products/seiko-5-sports-skx-series-srpk33k1-automatic-men's-watch,2026-07-06 23:32:37,seiko 5 sports skx series srpk33k1 automatic men s watch,60000.0,P0231
Seiko 5 Sports SRPK35K1 Automatic Men's Watch,Rs 60000,Oliz,all-products,https://olizstore.com/products/seiko-5-sports-srpk35k1-automatic-men's-watch,2026-07-06 23:32:37,seiko 5 sports srpk35k1 automatic men s watch,60000.0,P0231
Seiko 5 Sports SKX Series SRPL79 Automatic Men's Watch,Rs 63000,Oliz,all-products,https://olizstore.com/products/seiko-5-sports-skx-series-srpl79-automatic-men's-watch,2026-07-06 23:32:37,seiko 5 sports skx series srpl79 automatic men s watch,63000.0,P0231
Seiko 5 Sports SKX Series SSK033 GMT Automatic Men's Watch,Rs 94000,Oliz,all-products,https://olizstore.com/products/seiko-5-sports-skx-series-ssk033-gmt-automatic-men's-watch,2026-07-06 23:32:37,seiko 5 sports skx series ssk033 gmt automatic men s watch,94000.0,P0231
Seiko 5 Sports SRPD85K1 Automatic Men's Watch,Rs 55600,Oliz,all-products,https://olizstore.com/products/seiko-5-sports-srpd85k1-automatic-men's-watch,2026-07-06 23:32:37,seiko 5 sports srpd85k1 automatic men s watch,55600.0,P0232
Seiko 5 Sports SRPD63 Automatic Men's Watch,Rs 60000,Oliz,all-products,https://olizstore.com/products/seiko-5-sports-srpd63-automatic-men's-watch,2026-07-06 23:32:37,seiko 5 sports srpd63 automatic men s watch,60000.0,P0232
Seiko 5 Sports SRPD51K1 Automatic Men's Watch,Rs 61300,Oliz,all-products,https://olizstore.com/products/seiko-5-sports-srpd51k1-automatic-men's-watch,2026-07-06 23:32:37,seiko 5 sports srpd51k1 automatic men s watch,61300.0,P0232
Seiko 5 Sports SSK003K1 \,Rs 86000,Oliz,all-products,https://olizstore.com/products/seiko-5-sports-ssk003k1-\,2026-07-06 23:32:37,seiko 5 sports ssk003k1,86000.0,P0233
Seiko SMGG17 Rotocall Re-Interpretation Quartz Men's Watch,Rs 91700,Oliz,all-products,https://olizstore.com/products/seiko-smgg17-rotocall-re-interpretation-quartz-men's-watch,2026-07-06 23:32:37,seiko smgg17 rotocall re interpretation quartz men s watch,91700.0,P0234
Seiko Spirit SBTR017 Men's Chronograph Watch,Rs 38000,Oliz,all-products,https://olizstore.com/products/seiko-spirit-sbtr017-men's-chronograph-watch,2026-07-06 23:32:37,seiko spirit sbtr017 men s chronograph watch,38000.0,P0235
Seiko Spirit SBTR019 Men's Chronograph Watch,Rs 38000,Oliz,all-products,https://olizstore.com/products/seiko-spirit-sbtr019-men's-chronograph-watch,2026-07-06 23:32:37,seiko spirit sbtr019 men s chronograph watch,38000.0,P0236
Seiko Spirit SBTR021 Men's Chronograph Watch,Rs 38000,Oliz,all-products,https://olizstore.com/products/seiko-spirit-sbtr021-men's-chronograph-watch,2026-07-06 23:32:37,seiko spirit sbtr021 men s chronograph watch,38000.0,P0237
Smart Watch With Heart Rate Blood Oxygen Monitoring 3Atm Waterproof 1.69 Inch Full Touch Screen,"Rs. 1,845",Daraz,smartwatch,https://www.daraz.com.np/products/smart-watch-with-heart-rate-blood-oxygen-monitoring-3atm-waterproof-169-inch-full-touch-screen-i104950345.html,,smart watch with heart rate blood oxygen monitoring 3atm waterproof 1 69 inch full touch screen,1845.0,P0238
"Smartwatch Active T2 Pro – Bluetooth Calling, Fitness Tracker, Full Touch Display","Rs. 1,919",Daraz,smartwatch,https://www.daraz.com.np/products/smartwatch-active-t2-pro-bluetooth-calling-fitness-tracker-full-touch-display-i499657837.html,,smartwatch active t2 pro bluetooth calling fitness tracker full touch display,1919.0,P0239
Soundcore A20i,"Rs 2,999",Hukut,earphone,https://hukut.com/anker-soundcore-anker-a20i,2026-07-06 23:32:07,soundcore a20i,2999.0,P0240
Soundcore P20i True Wireless Earbuds,"Rs 2,999",Hukut,earphone,https://hukut.com/anker-soundcore-p20i,2026-07-06 23:32:06,soundcore p20i true wireless earbuds,2999.0,P0241
Soundcore R50i NC True Wireless Bluetooth Earbuds,"Rs 4,499",Hukut,earphone,https://hukut.com/anker-soundcore-r50i-nc-price-in-nepal,2026-07-06 23:32:07,soundcore r50i nc true wireless bluetooth earbuds,4499.0,P0242
Tissot Ballade 34mm – T156.210.22.031.00,Rs 51000,Oliz,all-products,https://olizstore.com/products/tissot-ballade-34mm-t156.210.22.031.00,2026-07-06 23:32:37,tissot ballade 34mm t156 210 22 031 00,51000.0,P0243
Tissot Ballade Quartz 40mm – T156.410.33.051.00,Rs 65000,Oliz,all-products,https://olizstore.com/products/tissot-ballade-quartz-40mm-t156.410.33.051.00,2026-07-06 23:32:37,tissot ballade quartz 40mm t156 410 33 051 00,65000.0,P0244
Tissot PR 100 34mm T150.210.11.041.00,Rs 51000,Oliz,all-products,https://olizstore.com/products/tissot-pr-100-34mm-t150.210.11.041.00,2026-07-06 23:32:37,tissot pr 100 34mm t150 210 11 041 00,51000.0,P0245
Tissot PR 100 34mm T150.210.33.021.00,Rs 51000,Oliz,all-products,https://olizstore.com/products/tissot-pr-100-34mm-t150.210.33.021.00,2026-07-06 23:32:37,tissot pr 100 34mm t150 210 33 021 00,51000.0,P0245
Tissot PR 100 40mm T150.410.11.041.00,Rs 51000,Oliz,all-products,https://olizstore.com/products/tissot-pr-100-40mm-t150.410.11.041.00,2026-07-06 23:32:37,tissot pr 100 40mm t150 410 11 041 00,51000.0,P0245
Tissot PR 100 40mm T150.410.22.041.00,Rs 51000,Oliz,all-products,https://olizstore.com/products/tissot-pr-100-40mm-t150.410.22.041.00,2026-07-06 23:32:37,tissot pr 100 40mm t150 410 22 041 00,51000.0,P0246
Tissot PR 100 40mm – T150.417.33.031.00,Rs 65000,Oliz,all-products,https://olizstore.com/products/tissot-pr-100-40mm-t150.417.33.031.00,2026-07-06 23:32:37,tissot pr 100 40mm t150 417 33 031 00,65000.0,P0246
Tissot PR 100 Chronograph 40mm T150.417.22.031.00,Rs 65000,Oliz,all-products,https://olizstore.com/products/tissot-pr-100-chronograph-40mm-t150.417.22.031.00,2026-07-06 23:32:37,tissot pr 100 chronograph 40mm t150 417 22 031 00,65000.0,P0247
Tissot PR516 Chronograph Quartz 40mm T149.417.22.051.00,Rs 62000,Oliz,all-products,https://olizstore.com/products/tissot-pr516-chronograph-quartz-40mm-t149.417.22.051.00,2026-07-06 23:32:37,tissot pr516 chronograph quartz 40mm t149 417 22 051 00,62000.0,P0248
Tissot PRX Quartz Champagne Dial 40mm T137.410.33.021.00,Rs 62000,Oliz,all-products,https://olizstore.com/products/tissot-prx-quartz-champagne-dial-40mm-t137.410.33.021.00,2026-07-06 23:32:37,tissot prx quartz champagne dial 40mm t137 410 33 021 00,62000.0,P0249
"UGEE M708 V3 Digital Drawing Tablet, 10 x 6 Inches Large Graphics Tablet","Rs. 7,196",Daraz,tablet,https://www.daraz.com.np/products/ugee-m708-v3-digital-drawing-tablet-10-x-6-inches-large-graphics-tablet-i127907064.html,,ugee m708 v3 digital drawing tablet 10 x 6 inches large graphics tablet,7196.0,P0250
UGEE S640 Graphic Drawing Tablet with Battery-Free Stylus and 10 Express Keys,"Rs. 6,399",Daraz,tablet,https://www.daraz.com.np/products/ugee-graphic-drawing-tablet-with-battery-free-stylus-and-10-express-keys-i127908050.html,,ugee s640 graphic drawing tablet with battery free stylus and 10 express keys,6399.0,P0251
UGREEN HiTune P3 Wireless Earbuds,"Rs 2,999",Hukut,earphone,https://hukut.com/ugreen-hitune-p3-wireless-earbuds-price-in-nepal,2026-07-06 23:32:06,ugreen hitune p3 wireless earbuds,2999.0,P0252
"Ultima Navigator Premium Smartwatch | 1.43"" TRU Amoled Spherical Display | Smart Watch With In-Build GPS | Barometer | Altimeter | 3 ATM Water Resistance | 24/7 Health Tracking | Fitbeing App Support","Rs. 5,999",Daraz,smartwatch,https://www.daraz.com.np/products/ultima-navigator-premium-smartwatch-143-tru-amoled-spherical-display-smart-watch-with-in-build-gps-barometer-altimeter-3-atm-water-resistance-247-health-tracking-fitbeing-app-support-i496647248.html,,ultima navigator premium smartwatch 1 43 tru amoled spherical display smart watch with in build gps barometer altimeter 3 atm water resistance 24 7 health tracking fitbeing app support,5999.0,P0253
Ultima Prime 1.0,"Rs 2,699",Hukut,earphone,https://hukut.com/ultima-prime-1.0-price-in-nepal,2026-07-06 23:32:06,ultima prime 1 0,2699.0,P0254
Vippo+ Keypad Mobile Phone | One Year Warranty | 1000 Mah Battery | Big Torch With Side Switch,"Rs. 1,103",Daraz,smartphone,https://www.daraz.com.np/products/vippo-keypad-mobile-phone-one-year-warranty-1000-mah-battery-big-torch-with-side-switch-i135140322.html,,vippo keypad mobile phone one year 1000 mah battery big torch with side switch,1103.0,P0255
vivo V70,"Rs 84,999",Hukut,smartphone,https://hukut.com/vivo-v70,2026-07-06 23:31:22,vivo v70,84999.0,P0256
vivo Y05,"Rs 21,999",Hukut,smartphone,https://hukut.com/vivo-y05,2026-07-06 23:31:23,vivo y05,21999.0,P0257
"X1 Tablet 4-64 Memory | Special For Hotel,Restuarents ,Online Class | 8 Inch Ips Screen | 4450 Mah Battery","Rs. 12,999",Daraz,tablet,https://www.daraz.com.np/products/x1-tablet-4-64-memory-special-for-hotelrestuarents-online-class-8-inch-ips-screen-4450-mah-battery-i135371926.html,,x1 tablet 4 64 memory special for hotel restuarents class 8 inch ips screen 4450 mah battery,12999.0,P0258
Xiaomi 17 Ultra,"Rs 199,999",Hukut,smartphone,https://hukut.com/xiaomi-17-ultra,2026-07-06 23:31:22,xiaomi 17 ultra,199999.0,P0259
Xiaomi Pad 8,"Rs 69,999",Hukut,tablet,https://hukut.com/xiaomi-pad-8,2026-07-06 23:32:20,xiaomi pad 8,69999.0,P0260
Xiaomi Redmi A5 4G,"Rs 16,999",Hukut,smartphone,https://hukut.com/redmi-a5-4g,2026-07-06 23:31:23,xiaomi redmi a5,16999.0,P0261
Xiaomi Redmi A7,"Rs 16,999",Hukut,smartphone,https://hukut.com/xiaomi-redmi-a7,2026-07-06 23:31:23,xiaomi redmi a7,16999.0,P0262
Xiaomi Redmi A7 Pro,"Rs 17,999",Hukut,smartphone,https://hukut.com/xiaomi-redmi-a7-pro,2026-07-06 23:31:23,xiaomi redmi a7 pro,17999.0,P0263
"Xiaomi Redmi Pad 2 9.7""","Rs 25,999",Hukut,tablet,https://hukut.com/xiaomi-redmi-pad-2-9.7,2026-07-06 23:32:20,xiaomi redmi pad 2 9 7,25999.0,P0264
Xiaomi Redmi Pad 2,"Rs 29,999",Hukut,tablet,https://hukut.com/xiaomi-redmi-pad-2,2026-07-06 23:32:20,xiaomi redmi pad 2,29999.0,P0264
Xiaomi Redmi Watch 5 Active,"Rs 5,999",Hukut,smartwatch,https://hukut.com/redmi-watch-5-active,2026-07-06 23:31:51,xiaomi redmi watch 5 active,5999.0,P0265
Xiaomi Redmi Watch 5 Lite,"Rs 9,999",Hukut,smartwatch,https://hukut.com/redmi-watch-5-lite,2026-07-06 23:31:51,xiaomi redmi watch 5 lite,9999.0,P0266
XP-PEN Deco 01 V2 Graphic Tab,"Rs. 12,989",Daraz,tablet,https://www.daraz.com.np/products/xp-pen-deco-01-v2-graphic-tab-i103604463.html,,xp pen deco 01 v2 graphic tab,12989.0,P0267
XP-PEN Deco 7 Pen graphic Drawing Tablet,"Rs. 8,989",Daraz,tablet,https://www.daraz.com.np/products/xp-pen-deco-7-pen-graphic-drawing-tablet-i104548526.html,,xp pen deco 7 pen graphic drawing tablet,8989.0,P0268
XP-PEN Deco Mini 7 v2 Graphic Drawing Tablet,"Rs. 8,899",Daraz,tablet,https://www.daraz.com.np/products/xp-pen-deco-mini-7-v2-graphic-drawing-tablet-i361311086.html,,xp pen deco mini 7 v2 graphic drawing tablet,8899.0,P0269
"XPPen Updated Deco 01 V3 Drawing Tablet-16384 Levels of Pressure Battery-Free Stylus, 10x6 Inch OSU Graphic Tablet, 8 Hotkeys for Digital Art, Teaching, Gaming Drawing Pad for Chrome, PC, Mac, Android","Rs. 12,899",Daraz,tablet,https://www.daraz.com.np/products/xppen-updated-deco-01-v3-drawing-tablet-16384-levels-of-pressure-battery-free-stylus-10x6-inch-osu-graphic-tablet-8-hotkeys-for-digital-art-teaching-gaming-drawing-pad-for-chrome-pc-mac-android-i176538319.html,,xppen updated deco 01 v3 drawing tablet 16384 levels of pressure battery free stylus 10x6 inch osu graphic tablet 8 hotkeys for digital art teaching gaming drawing pad for chrome pc mac android,12899.0,P0270
Zeblaze Ares 3 Plus Smartwatch,"Rs 4,500",Hukut,smartwatch,https://hukut.com/zeblaze-ares-3-plus-price-in-nepal,2026-07-06 23:31:52,zeblaze ares 3 plus smartwatch,4500.0,P0271
Zeblaze Ares GPS,"Rs 5,890",Hukut,smartwatch,https://hukut.com/zeblaze-ares-gps-price-in-nepal,2026-07-06 23:31:53,zeblaze ares gps,5890.0,P0272
Zeblaze Beyond 3 Pro,"Rs 5,890",Hukut,smartwatch,https://hukut.com/zeblaze-beyond-3-pro-price-in-nepal,2026-07-06 23:31:52,zeblaze beyond 3 pro,5890.0,P0273
Zeblaze BTALK 3 GPS,"Rs 5,999",Hukut,smartwatch,https://hukut.com/zeblaze-btalk-3-gps,2026-07-06 23:31:53,zeblaze btalk 3 gps,5999.0,P0274
Zeblaze LILY 2,"Rs 4,999",Hukut,smartwatch,https://hukut.com/zeblaze-lily-2,2026-07-06 23:31:52,zeblaze lily 2,4999.0,P0275
ZTE | nubia V80 Design (8 + 256 ) | 5000mAh battery | 6.75 inch 120 Hz Smoother | 50 MP AI Camera,"Rs. 25,999",Daraz,smartphone,https://www.daraz.com.np/products/zzte-nubia-v80-design-8-256-5000mah-battery-675-inch-120-hz-smoother-50-mp-ai-camera-i509650051.html,,zte nubia v80 design 5000mah battery 6 75 inch 120 hz smoother 50 mp ai camera,25999.0,P0276
