product_id,product_name,clean_name,best_store,best_price,highest_price,average_price,savings,stores_available,marketplaces,best_product_link
P0227,PITAKA × MÜNN Flora in Grid Edge Case (Cloud Dusk) for iPhone 17 Pro Max,pitaka m nn flora in grid edge case for iphone 17 pro max,Oliz,0,0,0,0,1,Oliz,https://olizstore.com/products/pitaka-munn-flora-in-grid-edge-case-(cloud-dusk)-for-iphone-17-pro-max
P0228,PITAKA Monogram Edge Case – Leaping for iPhone 17 Pro Max (Orange Black),pitaka monogram edge case leaping for iphone 17 pro max,Oliz,0,0,0,0,1,Oliz,https://olizstore.com/products/pitaka-monogram-edge-case-leaping-for-iphone-17-pro-max-(orange-black)
P0229,Pitaka Sunset 2.0 – California Dream 02 Edge Case for iPhone 17 Pro Max,pitaka sunset 2 0 california dream 02 edge case for iphone 17 pro max,Oliz,0,0,0,0,1,Oliz,https://olizstore.com/products/pitaka-sunset-2.0-california-dream-02-edge-case-for-iphone-17-pro-max
P0131,Hiroia Samantha Smart Brewer,hiroia samantha smart brewer,Oliz,0,0,0,0,1,Oliz,https://olizstore.com/products/hiroia-samantha-smart-brewer
P0129,Hiroia Hikaru Smart Brewer,hiroia hikaru smart brewer,Oliz,0,0,0,0,1,Oliz,https://olizstore.com/products/hiroia-hikaru-smart-brewer
P0130,Hiroia Jimmy Smart Coffee Scale,hiroia jimmy smart coffee scale,Oliz,0,0,0,0,1,Oliz,https://olizstore.com/products/hiroia-jimmy-smart-coffee-scale
P0127,Hiroia Edge Mini+ Grinder,hiroia edge mini grinder,Oliz,0,0,0,0,1,Oliz,https://olizstore.com/products/hiroia-edge-mini+-grinder
P0128,Hiroia GO 50 Titanium Grinder,hiroia go 50 titanium grinder,Oliz,0,0,0,0,1,Oliz,https://olizstore.com/products/hiroia-go-50-titanium-grinder
P0160,JBL STAGE 250WL 2-WAY DUAL 5.25 INCH IN-WALL LOUDSPEAKER,jbl stage 250wl 2 way dual 5 25 inch in wall loudspeaker,Oliz,0,0,0,0,1,Oliz,https://olizstore.com/products/jbl-stage-250wl-2-way-dual-5.25-inch-in-wall-loudspeaker
P0161,JBL STAGE 260C 2-WAY 6.5 INCH IN-CEILING LOUDSPEAKER,jbl stage 260c 2 way 6 5 inch in ceiling loudspeaker,Oliz,0,0,0,0,1,Oliz,https://olizstore.com/products/jbl-stage-260c-2-way-6.5-inch-in-ceiling-loudspeaker
P0132,Hiroia x Starseeker Edge Titanium Grinder,hiroia x starseeker edge titanium grinder,Oliz,0,0,0,0,1,Oliz,https://olizstore.com/products/hiroia-x-starseeker-edge-titanium-grinder
P0185,K\u0026F Concept KF31.143 Sports Camera Pocket 3 Magnetic Suction Cup Mount,k u0026f concept kf31 143 sports camera pocket 3 magnetic suction cup mount,Oliz,0,0,0,0,1,Oliz,https://olizstore.com/products/kandf-concept-kf31.143-sports-camera-pocket-3-magnetic-suction-cup-mount
P0162,JBL STAGE 280W 2-WAY 8 INCH WOOFER IN-WALL LOUDSPEAKER,jbl stage 280w 2 way 8 inch woofer in wall loudspeaker,Oliz,0,0,0,0,1,Oliz,https://olizstore.com/products/jbl-stage-280w-2-way-8-inch-woofer-in-wall-loudspeaker
P0220,OB-Tel Smart Together Earphone,ob tel smart together earphone,Daraz,42,42,42,0,1,Daraz,https://www.daraz.com.np/products/ob-tel-smart-together-earphone-i125629565.html
P0307,WEKOME YB06 Kinkong Series Wired Earphones | Type‑C/3.5mm/Lightning | 10 mm Rich Sound,wekome yb06 kinkong series wired earphones type c 3 5mm lightning 10 mm rich sound,Daraz,175,175,175,0,1,Daraz,https://www.daraz.com.np/products/wekome-yb06-kinkong-series-wired-earphones-typec35mmlightning-10mm-rich-sound-i511139471.html
P0105,Earphone With Mic,earphone with mic,Daraz,189,189,189,0,1,Daraz,https://www.daraz.com.np/products/earphone-with-mic-i101108192.html
P0106,Earphone With Mic For Android & Smartphones,earphone with mic for android smartphones,Daraz,189,189,189,0,1,Daraz,https://www.daraz.com.np/products/earphone-with-mic-for-android-smartphones-i443216.html
P0301,Universal 3.5mm Earphone Compatible with All Mobile Phones,universal 3 5mm earphone compatible with all mobile phones,Daraz,200,200,200,0,1,Daraz,https://www.daraz.com.np/products/universal-35mm-earphone-compatible-with-all-mobile-phones-i129342177.html
P0294,Type C Wired Earphone With Mic For All Type C Mobile Phone,type c wired earphone with mic for all type c mobile phone,Daraz,249,249,249,0,1,Daraz,https://www.daraz.com.np/products/type-c-wired-earphone-with-mic-for-all-type-c-mobile-phone-i474068584.html
P0049,"Asta WOLF STRING 2.0 Wired Earphones | 3.5mm Jack, 10mm Driver, High Bass Sound, Tangle-Free Tough Wire (1.2m), In-Line Play/Pause Controller – Durable & Comfortable",asta wolf string 2 0 wired earphones 3 5mm jack 10mm driver high bass sound tangle free tough wire in line play pause controller durable comfortable,Daraz,275,275,275,0,1,Daraz,https://www.daraz.com.np/products/asta-wolf-string-20-wired-earphones-35mm-jack-10mm-driver-high-bass-sound-tangle-free-tough-wire-12m-in-line-playpause-controller-durable-comfortable-i480309241.html
P0107,Gaming Earphone X for PUBG Mobile with Wired Microphone,gaming earphone x for pubg mobile with wired microphone,Daraz,333,333,333,0,1,Daraz,https://www.daraz.com.np/products/gaming-earphone-x-for-pubg-mobile-with-wired-microphone-i127909933.html
P0210,Lightnig In Ear Earphone With Microphone For Ip phone,lightnig in ear earphone with microphone for ip phone,Daraz,335,335,335,0,1,Daraz,https://www.daraz.com.np/products/lightnig-in-ear-earphone-with-microphone-for-ip-phone-i128477662.html
P0066,Brand Quality Earphone With Mic Hi Tech E535 3.5 mm,brand quality earphone with mic hi tech e535 3 5 mm,Daraz,364,364,364,0,1,Daraz,https://www.daraz.com.np/products/brand-quality-earphone-with-mic-hi-tech-e535-35-mm-i115339034.html
P0293,Type C Wired Earphone With Mic,type c wired earphone with mic,Daraz,370,370,370,0,1,Daraz,https://www.daraz.com.np/products/type-c-wired-earphone-with-mic-i128481646.html
P0015,Alewa A11 Gaming Earphone | L+R Synchronized | Super Bass | Braided Strong Wire | Volume Control,alewa a11 gaming earphone l r synchronized super bass braided strong wire volume control,Daraz,499,499,499,0,1,Daraz,https://www.daraz.com.np/products/alewa-a11-new-wired-gaming-earphones-with-super-bass-lr-synchronization-volume-control-and-braided-wire-i124404558.html
P0048,"Asta WOLF STRING 2.0 Type-C Wired Earphones | High Bass Sound, 10mm Driver, Tangle-Free Tough Wire (1.2m), In-Line Play/Pause & Volume Controller – Durable Type-C Jack Earphones",asta wolf string 2 0 type c wired earphones high bass sound 10mm driver tangle free tough wire in line play pause volume controller durable type c jack earphones,Daraz,549,549,549,0,1,Daraz,https://www.daraz.com.np/products/asta-wolf-string-20-type-c-wired-earphones-high-bass-sound-10mm-driver-tangle-free-tough-wire-12m-in-line-playpause-volume-controller-durable-type-c-jack-earphones-i480302508.html
P0260,"T500/X7/S8 Pro Bluetooth Smart Watch For Men And Women With Call,Muxic,FItness Tracker And More",t500 x7 s8 pro bluetooth smart watch for men and women with call muxic fitness tracker and more,Daraz,599,599,599,0,1,Daraz,https://www.daraz.com.np/products/t500x7s8-pro-bluetooth-smart-watch-for-men-and-women-with-callmuxicfitness-tracker-and-more-i129003906.html
P0182,K\u0026F Concept DJI OSMO POCKET 4 Tempered Glass Screen Protector Set,k u0026f concept dji osmo pocket 4 tempered glass screen protector set,Oliz,600,600,600,0,1,Oliz,https://olizstore.com/products/dji-osmo-pocket-4-tempered-glass-screen-protector-set
P0264,T900 ultra smartwatch 49mm original wireless charging smart watch 2.09 inch screen rotating smart dual Buttons Smart watch 2.09 Inch Screen Rotating Dual Bottons Smart watch For Unisex,t900 ultra smartwatch 49mm wireless charging smart watch 2 09 inch screen rotating smart dual buttons smart watch 2 09 inch screen rotating dual bottons smart watch for unisex,Daraz,650,650,650,0,1,Daraz,https://www.daraz.com.np/products/t900-ultra-smartwatch-49mm-original-wireless-charging-smart-watch-209-inch-screen-rotating-smart-dual-buttons-smart-watch-209-inch-screen-rotating-dual-bottons-smart-watch-for-unisex-i477677942.html
P0310,X7/S8 Pro/T500 Bluetooth Smart Watch full touch Heart Rate Blood Pressure Wrist Smartwatch For men women Sport watch,x7 s8 pro t500 bluetooth smart watch full touch heart rate blood pressure wrist smartwatch for men women sport watch,Daraz,659,659,659,0,1,Daraz,https://www.daraz.com.np/products/x7s8-prot500-bluetooth-smart-watch-full-touch-heart-rate-blood-pressure-wrist-smartwatch-for-men-women-sport-watch-i127874841.html
P0262,T800 Ultra Smartwatch Series 81.99 inch Smart Watch,t800 ultra smartwatch series 81 99 inch smart watch,Daraz,660,660,660,0,1,Daraz,https://www.daraz.com.np/products/t800-ultra-smartwatch-series-8199-inch-smart-watch-i323834160.html
P0300,Unisex T800 Smart iWatch Ultra With Wirless Charging And IP67 WaterProof Smart Watch,unisex t800 smart iwatch ultra with wirless charging and ip67 waterproof smart watch,Daraz,660,660,660,0,1,Daraz,https://www.daraz.com.np/products/unisex-t800-smart-iwatch-ultra-with-wirless-charging-and-ip67-waterproof-smart-watch-i125910010.html
P0263,T800 Ultra Smartwatch With Wireless Charging And Smart Watch For Men/Women,t800 ultra smartwatch with wireless charging and smart watch for men women,Daraz,665,665,665,0,1,Daraz,https://www.daraz.com.np/products/t800-ultra-smartwatch-with-wireless-charging-and-smart-watch-for-menwomen-i129448591.html
P0261,"T800 Smart Watch ultra | Bluetooth Calling Smartwatch with Full Touch HD Display | Fitness Tracker with Heart Rate, Blood Pressure, SpO2 & Sleep Monitor | Sports Modes, Notifications, Design, Long Battery Life",t800 smart watch ultra bluetooth calling smartwatch with full touch hd display fitness tracker with heart rate blood pressure spo2 sleep monitor sports modes notifications design long battery life,Daraz,699,699,699,0,1,Daraz,https://www.daraz.com.np/products/t800-smart-watch-ultra-bluetooth-calling-smartwatch-with-full-touch-hd-display-fitness-tracker-with-heart-rate-blood-pressure-spo2-sleep-monitor-sports-modes-notifications-design-long-battery-life-i416764355.html
P0233,Remax Concave Convex Wired Music Earphone RM-510,remax concave convex wired music earphone rm 510,Daraz,780,780,780,0,1,Daraz,https://www.daraz.com.np/products/remax-concave-convex-wired-music-earphone-rm-510-i164923276.html
P0259,T2000 Type C In Ear Wired Earphone With Microphone For Music Gaming,t2000 type c in ear wired earphone with microphone for music gaming,Daraz,799,799,799,0,1,Daraz,https://www.daraz.com.np/products/t2000-type-c-in-ear-wired-earphone-with-microphone-for-music-gaming-i511484557.html
P0308,X-AGE ConvE Acoustic W5 Type C Wired Earphone XWE05,x age conve acoustic w5 type c wired earphone xwe05,Daraz,800,800,800,0,1,Daraz,https://www.daraz.com.np/products/x-age-conve-acoustic-w5-type-c-wired-earphone-xwe05-i127968252.html
P0209,Lighting / type-C Earphones For i-phone With Lighting and type-C Connector,lighting type c earphones for i phone with lighting and type c connector,Daraz,899,899,899,0,1,Daraz,https://www.daraz.com.np/products/lighting-type-c-earphones-for-i-phone-with-lighting-and-type-c-connector-i272448951.html
P0292,Type-C Wired Earphone For I-phone latest Series and also compatible with other type-c devices,type c wired earphone for i phone series and also compatible with other type c devices,Daraz,899,899,899,0,1,Daraz,https://www.daraz.com.np/products/type-c-wired-earphone-for-i-phone-latest-series-and-also-compatible-with-other-type-c-devices-i274322400.html
P0168,K\u0026F Concept DJI Osmo 360 Lens Silicone Protective Case,k u0026f concept dji osmo 360 lens silicone protective case,Oliz,900,900,900,0,1,Oliz,https://olizstore.com/products/kandf-concept-dji-osmo-360-lens-silicone-protective-case
P0255,Original Sound Lightning Earphone For i-phone - Direct Connect /Gaming ( No Need Bluetooth Connection ),sound lightning earphone for i phone direct connect gaming,Daraz,945,945,945,0,1,Daraz,https://www.daraz.com.np/products/original-sound-lightning-earphone-for-i-phone-direct-connect-gaming-no-need-bluetooth-connection-i128601099.html
P0299,"Ultra Smart Watch 7 in 1 BT Calling, Big Display 49MM Sports Mode Fitness 7 Belt for Men & Women Smartwatch (Multicolor Strap, Free Size)",ultra smart watch 7 in 1 bt calling big display 49mm sports mode fitness 7 belt for men women smartwatch,Daraz,999,999,999,0,1,Daraz,https://www.daraz.com.np/products/ultra-smart-watch-7-in-1-bt-calling-big-display-49mm-sports-mode-fitness-7-belt-for-men-women-smartwatch-multicolor-strap-free-size-i131632071.html
P0115,GT1 Smart Watch IPS Pure Round Full Touch Screen Clearence Show,gt1 smart watch ips pure round full touch screen clearence show,Daraz,999,999,999,0,1,Daraz,https://www.daraz.com.np/products/gt1-smart-watch-ips-pure-round-full-touch-screen-clearence-show-i499903363.html
P0189,K\u0026F Concept Silicone Non-Slip Desktop Mount for DJI Osmo Pocket 3,k u0026f concept silicone non slip desktop mount for dji osmo pocket 3,Oliz,1000,1000,1000,0,1,Oliz,https://olizstore.com/products/silicone-non-slip-desktop-mount-for-dji-osmo-pocket-3
P0318,Xiaomi Type-C Earphones | Discover extraordinary sound | Type-C port Plug and play,xiaomi type c earphones discover extraordinary sound type c port plug and play,Daraz,1099,1099,1099,0,1,Daraz,https://www.daraz.com.np/products/xiaomi-type-c-earphones-discover-extraordinary-sound-type-c-port-plug-and-play-i505110506.html
P0302,Vippo+ Keypad Mobile Phone | One Year Warranty | 1000 Mah Battery | Big Torch With Side Switch,vippo keypad mobile phone one year 1000 mah battery big torch with side switch,Daraz,1111,1111,1111,0,1,Daraz,https://www.daraz.com.np/products/vippo-keypad-mobile-phone-one-year-warranty-1000-mah-battery-big-torch-with-side-switch-i135140322.html
P0192,K\u0026F Concept Sports Camera Helmet Chin Mount With 1/4 Turn Adapter Price in Nepal,k u0026f concept sports camera helmet chin mount with 1 4 turn adapter,Oliz,1150,1150,1150,0,1,Oliz,https://olizstore.com/products/kandf-concept-sports-camera-helmet-chin-mount-with-14-turn-adapter-price-in-nepal
P0149,New i20 ULTRA MAX SUIT smart watch multi- function male Bluetooth headset Android,i20 ultra max suit smart watch multi function male bluetooth headset android,Daraz,1249,1249,1249,0,1,Daraz,https://www.daraz.com.np/products/new-i20-ultra-max-suit-smart-watch-multi-function-male-bluetooth-headset-android-i411559585.html
P0148,"I20/H20 Ultra Max Suit Smart Watch & Airpods 10 in 1 in One Box 2.3inch Large Screen Smart Watch with Earbuds / BT Calling Smart Watch with AMOLED Display & Activity, Health Tracker for Men & Women",i20 h20 ultra max suit smart watch airpods 10 in 1 in one box 2 3inch large screen smart watch with earbuds bt calling smart watch with amoled display activity health tracker for men women,Daraz,1349,1349,1349,0,1,Daraz,https://www.daraz.com.np/products/i20h20-ultra-max-suit-smart-watch-airpods-10-in-1-in-one-box-23inch-large-screen-smart-watch-with-earbuds-bt-calling-smart-watch-with-amoled-display-activity-health-tracker-for-men-women-i186897046.html
P0116,H9 2.01 inch big display BT call smart watch smartwatch reloj inteligente h9 Health Sport NEW Smart Watch for Men and Women 2025,h9 2 01 inch big display bt call smart watch smartwatch reloj inteligente h9 health sport smart watch for men and women 2025,Daraz,1548,1548,1548,0,1,Daraz,https://www.daraz.com.np/products/h9-201-inch-big-display-bt-call-smart-watch-smartwatch-reloj-inteligente-h9-health-sport-new-smart-watch-for-men-and-women-2025-i169284335.html
P0199,Kids Calling Smart Watch for Boys & Girls  2-Way Voice Calling & Message  Sim Card  Selfie Camera  Parent Control App  Voice Chat  Long Battery Life  LBS Location Tracking,kids calling smart watch for boys girls 2 way voice calling message sim card selfie camera parent control app voice chat long battery life lbs location tracking,Daraz,1549,1846,1698,297,2,Daraz,https://www.daraz.com.np/products/kids-calling-smart-watch-for-boys-girls-2-way-voice-calling-message-sim-card-selfie-camera-parent-control-app-voice-chat-long-battery-life-lbs-location-tracking-i169146680.html
P0193,K\u0026F Concept Sports Camera Pocket 3 Accessory Kit,k u0026f concept sports camera pocket 3 accessory kit,Oliz,1800,1800,1800,0,1,Oliz,https://olizstore.com/products/kandf-concept-sports-camera-pocket-3-accessory-kit
P0184,K\u0026F Concept Gimbal Cover Camera Lens Protector Cap for DJI Osmo Pocket 3,k u0026f concept gimbal cover camera lens protector cap for dji osmo pocket 3,Oliz,1800,1800,1800,0,1,Oliz,https://olizstore.com/products/kandf-concept-gimbal-cover-camera-lens-protector-cap-for-dji-osmo-pocket-3
P0254,Smart Watch With Heart Rate Blood Oxygen Monitoring 3Atm Waterproof 1.69 Inch Full Touch Screen,smart watch with heart rate blood oxygen monitoring 3atm waterproof 1 69 inch full touch screen,Daraz,1845,1845,1845,0,1,Daraz,https://www.daraz.com.np/products/smart-watch-with-heart-rate-blood-oxygen-monitoring-3atm-waterproof-169-inch-full-touch-screen-i104950345.html
P0230,Plus Smart Watch Full Screen 1.75 Inch With Silicone Band Rotating Crown Make/Answer Calls Fitness Tracker Health Monitor,plus smart watch full screen 1 75 inch with silicone band rotating crown make answer calls fitness tracker health monitor,Daraz,1895,1895,1895,0,1,Daraz,https://www.daraz.com.np/products/plus-smart-watch-full-screen-175-inch-with-silicone-band-rotating-crown-makeanswer-calls-fitness-tracker-health-monitor-i104256041.html
P0188,K\u0026F Concept Pocket 3 Suction Cup Mount,k u0026f concept pocket 3 suction cup mount,Oliz,1900,1900,1900,0,1,Oliz,https://olizstore.com/products/kandf-concept-pocket-3-suction-cup-mount
P0177,K\u0026F Concept DJI OSMO Pocket 3 Black Lanyard Price in Nepal,k u0026f concept dji osmo pocket 3 black lanyard,Oliz,2000,2000,2000,0,1,Oliz,https://olizstore.com/products/kandf-concept-dji-osmo-pocket-3-black-lanyard-price-in-nepal
P0181,K\u0026F Concept DJI OSMO Pocket 4 Protective Case with 4 filter slots Price in Nepal,k u0026f concept dji osmo pocket 4 protective case with 4 filter slots,Oliz,2250,2250,2250,0,1,Oliz,https://olizstore.com/products/kandf-concept-dji-osmo-pocket-4-protective-case-with-4-filter-slots-price-in-nepal
P0033,Aoking Casual Laptop Bag (Unisex) | XN3517,aoking casual laptop bag xn3517,Oliz,2325,2325,2325,0,1,Oliz,https://olizstore.com/products/aoking-casual-laptop-bag-(unisex)-or-xn3517-price-in-nepal
P0194,K\u0026F Concept Sports Camera Wearable Accessory Set,k u0026f concept sports camera wearable accessory set,Oliz,2400,4200,3300,1800,2,Oliz,https://olizstore.com/products/kandf-concept-sports-camera-wearable-accessory-set
P0197,Kick AeroPods 181 Pro ANC,kick aeropods 181 pro anc,Hukut,2499,2499,2499,0,1,Hukut,https://hukut.com/kick-aeropods-181-pro-anc
P0178,K\u0026F Concept DJI Osmo Pocket 3 Cell Phone Holder,k u0026f concept dji osmo pocket 3 cell phone holder,Oliz,2500,2500,2500,0,1,Oliz,https://olizstore.com/products/dji-osmo-pocket-3-cell-phone-holder
P0016,Anker PowerCore 5000 mAh Portable Power Bank,anker powercore 5000 mah portable power bank,Oliz,2500,2500,2500,0,1,Oliz,https://olizstore.com/products/anker-powercore-5000-portable-power-bank
P0298,Ultima Prime 1.0,ultima prime 1 0,Hukut,2699,2699,2699,0,1,Hukut,https://hukut.com/ultima-prime-1.0-price-in-nepal
P0026,Aoking Business Backpack (Unisex) with Laptop Compartment | SN3535-W-6,aoking business backpack with laptop compartment sn3535 w 6,Oliz,2800,6990,4501,4190,5,Oliz,https://olizstore.com/products/aoking-business-backpack-(unisex)-with-laptop-compartment-or-sn3535-w-6
P0024,Aoking  Business Backpack (Unisex) | SN3537-W-6,aoking business backpack sn3537 w 6,Oliz,2800,2800,2800,0,1,Oliz,https://olizstore.com/products/aoking-business-backpack-(unisex)-or-sn3537-w-6-price-in-nepal
P0196,K\u0026F Concept Windshield Mount Clamp,k u0026f concept windshield mount clamp,Oliz,2850,2850,2850,0,1,Oliz,https://olizstore.com/products/kandf-concept-windshield-mount-clamp
P0198,Kick Phantom Watch Ultra,kick phantom watch ultra,Hukut,2999,2999,2999,0,1,Hukut,https://hukut.com/kick-phantom-watch-ultra
P0123,HiFuture FutureMate,hifuture futuremate,Hukut,2999,2999,2999,0,1,Hukut,https://hukut.com/hifuture-futuremate-price-in-nepal
P0257,Soundcore P20i True Wireless Earbuds,soundcore p20i true wireless earbuds,Hukut,2999,2999,2999,0,1,Hukut,https://hukut.com/anker-soundcore-p20i
P0256,Soundcore A20i,soundcore a20i,Hukut,2999,2999,2999,0,1,Hukut,https://hukut.com/anker-soundcore-anker-a20i
P0166,K\u0026F Concept Charging Adapter Base for DJI Osmo Pocket 4/3,k u0026f concept charging adapter base for dji osmo pocket 4 3,Oliz,3000,3000,3000,0,1,Oliz,https://olizstore.com/products/kandf-concept-charging-adapter-base-for-dji-osmo-pocket-43
P0031,Aoking Casual Backpack with Laptop Compartment | H97068,aoking casual backpack with laptop compartment h97068,Oliz,3025,3025,3025,0,1,Oliz,https://olizstore.com/products/aoking-casual-backpack-with-laptop-compartment-or-h97068-price-in-nepal
P0190,K\u0026F Concept Smart Series MS-62 Selfie Stick / Desktop Stand (Medium),k u0026f concept smart series ms 62 selfie stick desktop stand,Oliz,3100,3100,3100,0,1,Oliz,https://olizstore.com/products/smart-series-ms-62-selfie-stick-desktop-stand-(medium)
P0195,K\u0026F Concept Storage Case for DJI Osmo Pocket 3,k u0026f concept storage case for dji osmo pocket 3,Oliz,3200,3200,3200,0,1,Oliz,https://olizstore.com/products/kandf-concept-storage-case-for-dji-osmo-pocket-3
P0030,Aoking Casual Backpack (Unisex) with Laptop Compartment for Everyday Use | SN4327-5,aoking casual backpack with laptop compartment for everyday use sn4327 5,Oliz,3225,3225,3225,0,1,Oliz,https://olizstore.com/products/aoking-casual-backpack-(unisex)-with-laptop-compartment-for-everyday-use-or-sn4327-5
P0027,Aoking  Business Backpack (Unisex) with Laptop Compartment | XN4337,aoking business backpack with laptop compartment xn4337,Oliz,3225,3225,3225,0,1,Oliz,https://olizstore.com/products/aoking-business-backpack-(unisex)-with-laptop-compartment-or-xn4337-price-in-nepal
P0225,Oraimo SpaceBuds Neo+ Earbuds,oraimo spacebuds neo earbuds,Hukut,3399,3399,3399,0,1,Hukut,https://hukut.com/oraimo-spacebuds-neo-plus-earbuds
P0191,K\u0026F Concept Sports Camera Accessory Kit With Adjustable Cord Magnetic Neck,k u0026f concept sports camera accessory kit with adjustable cord magnetic neck,Oliz,3400,3400,3400,0,1,Oliz,https://olizstore.com/products/kandf-concept-sports-camera-accessory-kit-with-adjustable-cord-magnetic-neck-price-in-nepal
P0172,K\u0026F Concept DJI Osmo Action 6 Waterproof Case Kit,k u0026f concept dji osmo action 6 waterproof case kit,Oliz,3450,3450,3450,0,1,Oliz,https://olizstore.com/products/kandf-concept-dji-osmo-action-6-waterproof-case-kit
P0125,HiFuture SonicAir,hifuture sonicair,Hukut,3499,3499,3499,0,1,Hukut,https://hukut.com/hifuture-sonicair
P0186,K\u0026F Concept Nano-Adhesive Vacuum Suction Cup Magnetic Phone Mount,k u0026f concept nano adhesive vacuum suction cup magnetic phone mount,Oliz,3850,3850,3850,0,1,Oliz,https://olizstore.com/products/kandf-nano-adhesive-vacuum-suction-cup-magnetic-phone-mount
P0021,Aoking Bag (Unisex) | Laptop compartment | SN2105-12,aoking bag laptop compartment sn2105 12,Oliz,3925,3925,3925,0,1,Oliz,https://olizstore.com/products/aoking-bag-(unisex)-or-laptop-compartment-or-sn2105-12-price-in-nepal
P0022,Aoking  Business Backpack (Unisex) | Laptop compartment | SN2107-6,aoking business backpack laptop compartment sn2107 6,Oliz,3925,5590,4713,1665,3,Oliz,https://olizstore.com/products/aoking-business-backpack-(unisex)-or-laptop-compartment-or-sn2107-6-price-in-nepal
P0222,OnePlus Nord Buds 3,oneplus nord buds 3,Hukut,3999,3999,3999,0,1,Hukut,https://hukut.com/oneplus-nord-buds-3
P0155,IPRO S 501 Aplus-4G Android Smart Phone,ipro s 501 aplus android smart phone,Daraz,3999,3999,3999,0,1,Daraz,https://www.daraz.com.np/products/ipro-s-501-aplus-4g-android-smart-phone-i127665045.html
P0165,K\u0026F Concept 65cm Gray Neck Mount Kit,k u0026f concept 65cm gray neck mount kit,Oliz,4050,4050,4050,0,1,Oliz,https://olizstore.com/products/kandf-65cm-gray-neck-mount-kit
P0032,Aoking Casual Laptop Bag (Unisex) | XN2686,aoking casual laptop bag xn2686,Oliz,4190,4190,4190,0,2,Oliz,https://olizstore.com/products/aoking-casual-laptop-bag-(unisex)-or-xn2686-price-in-nepal
P0122,HiFuture Flybuds 4,hifuture flybuds 4,Hukut,4199,4199,4199,0,1,Hukut,https://hukut.com/hifuture-flybuds-4
P0114,"Green Vortex Metallic Fitness Smartwatch | 1.43"" Super AMOLED Display | Bluetooth Calling | IP67 Water Resistance | 123 Sports Modes |  Luxury Sporty Design | BLE3.0 + 5.3 BT Version | 380Mah Battery | Low-Power Consumption Mode| 30 Days Stand By Back Up",green vortex metallic fitness smartwatch 1 43 super amoled display bluetooth calling ip67 water resistance 123 sports modes luxury sporty design ble3 0 5 3 bt version 380mah battery low power consumption mode 30 days stand by back up,Daraz,4349,4349,4349,0,1,Daraz,https://www.daraz.com.np/products/green-vortex-metallic-fitness-smartwatch-143-super-amoled-display-bluetooth-calling-ip67-water-resistance-123-sports-modes-luxury-sporty-design-ble30-53-bt-version-380mah-battery-low-power-consumption-mode-30-days-stand-by-back-up-i155489973.html
P0113,"Green Orbit Pro Luxury Smart Watch | 1.43"" AMOLED Display | Metallic Body With Stainless Steel & Leather Strap | 3D Watch Faces  | BT Calling | IP68 Water Resistance | 178 Sports Modes | BT V5.2 | 270mAh Battery | 20 Days Standby | AOD | 1 Year Warranty",green orbit pro luxury smart watch 1 43 amoled display metallic body with stainless steel leather strap 3d watch faces bt calling ip68 water resistance 178 sports modes bt v5 2 270mah battery 20 days standby aod 1 year,Daraz,4399,4399,4399,0,1,Daraz,https://www.daraz.com.np/products/green-orbit-pro-luxury-smart-watch-143-amoled-display-metallic-body-with-stainless-steel-leather-strap-3d-watch-faces-bt-calling-ip68-water-resistance-178-sports-modes-bt-v52-270mah-battery-20-days-standby-aod-1-year-warranty-i164956430.html
P0112,"Green Orbit 2.0 AI Smartwatch  In-Build DA GPT, 1.43"" Super AMOLED Display  IP68 Water Resistance  123+ Sports Modes  BT Calling  Metallic Body With Stainless Steel & Leather  BT V5.3  250mAh Battery  30Days Standby Time  AOD  1 Year Warranty",green orbit 2 0 ai smartwatch in build da gpt 1 43 super amoled display ip68 water resistance 123 sports modes bt calling metallic body with stainless steel leather bt v5 3 250mah battery 30days standby time aod 1 year,Daraz,4399,4399,4399,0,1,Daraz,https://www.daraz.com.np/products/green-orbit-20-ai-smartwatch-in-build-da-gpt-143-super-amoled-display-ip68-water-resistance-123-sports-modes-bt-calling-metallic-body-with-stainless-steel-leather-bt-v53-250mah-battery-30days-standby-time-aod-1-year-warranty-i375899310.html
P0258,Soundcore R50i NC True Wireless Bluetooth Earbuds,soundcore r50i nc true wireless bluetooth earbuds,Hukut,4499,4499,4499,0,1,Hukut,https://hukut.com/anker-soundcore-r50i-nc-price-in-nepal
P0322,Zeblaze Ares 3 Plus Smartwatch,zeblaze ares 3 plus smartwatch,Hukut,4500,4500,4500,0,1,Hukut,https://hukut.com/zeblaze-ares-3-plus-price-in-nepal
P0025,Aoking  Business Backpack (Unisex) | SN4300-8,aoking business backpack sn4300 8,Oliz,4590,4590,4590,0,1,Oliz,https://olizstore.com/products/aoking-business-backpack-(unisex)-or-sn4300-8-price-in-nepal
P0028,Aoking  Business Bag (Unisex) | Laptop compartment | FN77170,aoking business bag laptop compartment fn77170,Oliz,4625,4625,4625,0,1,Oliz,https://olizstore.com/products/aoking-business-bag-(unisex)-laptop-compartment-or-fn77170-price-in-nepal
P0187,K\u0026F Concept Pocket 3 Aluminum Alloy Multi-function Expansion Frame,k u0026f concept pocket 3 aluminum alloy multi function expansion frame,Oliz,4650,4650,4650,0,1,Oliz,https://olizstore.com/products/kandf-pocket-3-aluminum-alloy-multi-function-expansion-frame
P0164,K\u0026F Concept 65cm Gray Neck Mount Including Fixing Screws,k u0026f concept 65cm gray neck mount including fixing screws,Oliz,4750,4750,4750,0,1,Oliz,https://olizstore.com/products/kandf-concept-65cm-gray-neck-mount-including-fixing-screws
P0173,K\u0026F Concept DJI OSMO Pocket 3/4 (Black Diffusion1/4+CPL\u0026ND2-32),k u0026f concept dji osmo pocket 3 4,Oliz,4800,8100,6450,3300,2,Oliz,https://olizstore.com/products/kandf-concept-dji-osmo-pocket-34-(black-diffusion14+cplandnd2-32)
P0327,Zeblaze LILY 2,zeblaze lily 2,Hukut,4999,4999,4999,0,1,Hukut,https://hukut.com/zeblaze-lily-2
P0121,HiFuture Fit Zone2,hifuture fit zone2,Hukut,5199,5199,5199,0,1,Hukut,https://hukut.com/hifuture-fit-zone-2
P0179,K\u0026F Concept DJI Osmo Pocket 3 Quick Release Base (2-Pack),k u0026f concept dji osmo pocket 3 quick release base,Oliz,5250,5250,5250,0,1,Oliz,https://olizstore.com/products/dji-osmo-pocket-3-quick-release-base-(2-pack)
P0135,Honor Buds X5e,honor buds x5e,Hukut,5490,5490,5490,0,1,Hukut,https://hukut.com/honor-buds-x5e-price-in-nepal
P0017,Anker Soundcore R60i NC,anker soundcore r60i nc,Hukut,5499,5499,5499,0,1,Hukut,https://hukut.com/anker-soundcore-r60i-nc
P0180,K\u0026F Concept DJI Osmo Pocket 4 MagSafe Magnetic Expansion Box,k u0026f concept dji osmo pocket 4 magsafe magnetic expansion box,Oliz,5500,5500,5500,0,1,Oliz,https://olizstore.com/products/dji-osmo-pocket-4-magsafe-magnetic-expansion-box
P0035,Aoking Laptop Bag (Unisex) with External USB charging port | SNX6082,aoking laptop bag with external usb charging port snx6082,Oliz,5590,5590,5590,0,1,Oliz,https://olizstore.com/products/aoking-laptop-bag-(unisex)-with-external-usb-charging-port-or-snx6082-price-in-nepal
P0019,Aoking Backpack | Laptop Compartment | USB charging port | SN2640 Price in Nepal,aoking backpack laptop compartment usb charging port sn2640,Oliz,5590,5590,5590,0,1,Oliz,https://olizstore.com/products/aoking-backpack-or-laptop-compartment-or-usb-charging-port-or-sn2640-price-in-nepal
P0018,Aoking Backpack (Unisex) | Laptop Compartment | External USB Charging Port | SN2117,aoking backpack laptop compartment external usb charging port sn2117,Oliz,5590,6290,5940,700,2,Oliz,https://olizstore.com/products/aoking-backpack-(unisex)-or-laptop-compartment-or-external-usb-charging-port-or-sn2117-price-in-nepal
P0020,Aoking  Backpack (Unisex) with Laptop Compartment and USB charging port | SN4005-5,aoking backpack with laptop compartment and usb charging port sn4005 5,Oliz,5600,5600,5600,0,1,Oliz,https://olizstore.com/products/aoking-backpack-(unisex)-with-laptop-compartment-and-usb-charging-port-or-sn4005-5-price-in-nepal
P0323,Zeblaze Ares GPS,zeblaze ares gps,Hukut,5890,5890,5890,0,1,Hukut,https://hukut.com/zeblaze-ares-gps-price-in-nepal
P0325,Zeblaze Beyond 3 Pro,zeblaze beyond 3 pro,Hukut,5890,5890,5890,0,1,Hukut,https://hukut.com/zeblaze-beyond-3-pro-price-in-nepal
P0038,Aoking XN58398F Extra Security LightGuard Laptop Bag,aoking xn58398f extra security lightguard laptop bag,Oliz,5990,5990,5990,0,1,Oliz,https://olizstore.com/products/aoking-xn58398f-extra-security-lightguard-laptop-bag-price-in-nepal
P0226,Oraimo Watch 5R,oraimo watch 5r,Hukut,5999,5999,5999,0,1,Hukut,https://hukut.com/oraimo-watch-5r
P0062,Blackview N2000 FLIP 4G MOBILE PHONE | RED | BLUE | BLACK,blackview n2000 flip mobile phone red blue black,Daraz,5999,5999,5999,0,1,Daraz,https://www.daraz.com.np/products/blackview-n2000-flip-4g-mobile-phone-red-blue-black-i171335490.html
P0124,HiFuture LUME,hifuture lume,Hukut,5999,5999,5999,0,1,Hukut,https://hukut.com/hifuture-lume
P0126,HiFuture Ultra 3 Smart Watch,hifuture ultra 3 smart watch,Hukut,5999,5999,5999,0,1,Hukut,https://hukut.com/hifuture-ultra-3-smart-watch-price-in-nepal
P0316,Xiaomi Redmi Watch 5 Active,xiaomi redmi watch 5 active,Hukut,5999,5999,5999,0,1,Hukut,https://hukut.com/redmi-watch-5-active
P0326,Zeblaze BTALK 3 GPS,zeblaze btalk 3 gps,Hukut,5999,5999,5999,0,1,Hukut,https://hukut.com/zeblaze-btalk-3-gps
P0223,OnePlus Nord Buds 3 Pro True Wireless in Ear Bluetooth Earbuds,oneplus nord buds 3 pro true wireless in ear bluetooth earbuds,Hukut,6000,6000,6000,0,1,Hukut,https://hukut.com/oneplus-nord-buds-3-pro
P0171,K\u0026F Concept DJI Osmo Action 6 Lightweight Rabbit Cage,k u0026f concept dji osmo action 6 lightweight rabbit cage,Oliz,6200,6200,6200,0,1,Oliz,https://olizstore.com/products/kandf-concept-dji-osmo-action-6-lightweight-rabbit-cage
P0034,Aoking Laptop Backpack (Unisex) | USB charging port | SN97095,aoking laptop backpack usb charging port sn97095,Oliz,6290,6290,6290,0,1,Oliz,https://olizstore.com/products/aoking-laptop-backpack-(unisex)-or-usb-charging-port-or-sn97095-price-in-nepal
P0029,Aoking Casual Backpack (Unisex) | Laptop compartment  | XN3370,aoking casual backpack laptop compartment xn3370,Oliz,6290,6990,6640,700,2,Oliz,https://olizstore.com/products/aoking-casual-backpack-(unisex)-or-laptop-compartment-or-xn3370-price-in-nepal
P0324,Zeblaze Beyond 3 Plus Smartwatch,zeblaze beyond 3 plus smartwatch,Hukut,6290,6290,6290,0,1,Hukut,https://hukut.com/zeblaze-beyond-3-plus-price-in-nepal
P0296,UGEE S640 Graphic Drawing Tablet with Battery-Free Stylus and 10 Express Keys,ugee s640 graphic drawing tablet with battery free stylus and 10 express keys,Daraz,6407,6407,6407,0,1,Daraz,https://www.daraz.com.np/products/ugee-graphic-drawing-tablet-with-battery-free-stylus-and-10-express-keys-i127908050.html
P0176,K\u0026F Concept DJI Osmo Pocket 3 Aluminum Magnetic Expansion Frame,k u0026f concept dji osmo pocket 3 aluminum magnetic expansion frame,Oliz,6600,6600,6600,0,1,Oliz,https://olizstore.com/products/kandf-concept-dji-osmo-pocket-3-aluminum-magnetic-expansion-frame
P0023,Aoking  Business Backpack | Laptop compartment | USB charging port | SN77880A,aoking business backpack laptop compartment usb charging port sn77880a,Oliz,6690,6690,6690,0,1,Oliz,https://olizstore.com/products/aoking-business-backpack-or-laptop-compartment-or-usb-charging-port-or-sn77880a-price-in-nepal
P0175,K\u0026F Concept DJI OSMO Pocket 3/4 With Enlarging lens,k u0026f concept dji osmo pocket 3 4 with enlarging lens,Oliz,6850,6850,6850,0,1,Oliz,https://olizstore.com/products/kandf-concept-dji-osmo-pocket-34-with-enlarging-lens
P0036,Aoking Laptop Bag | XN41457F,aoking laptop bag xn41457f,Oliz,6990,6990,6990,0,1,Oliz,https://olizstore.com/products/aoking-laptop-bag-or-xn41457f-price-in-nepal
P0297,"Ultima Navigator Premium Smartwatch | 1.43"" TRU Amoled Spherical Display | Smart Watch With In-Build GPS | Barometer | Altimeter | 3 ATM Water Resistance | 24/7 Health Tracking | Fitbeing App Support",ultima navigator premium smartwatch 1 43 tru amoled spherical display smart watch with in build gps barometer altimeter 3 atm water resistance 24 7 health tracking fitbeing app support,Daraz,6999,6999,6999,0,1,Daraz,https://www.daraz.com.np/products/ultima-navigator-premium-smartwatch-143-tru-amoled-spherical-display-smart-watch-with-in-build-gps-barometer-altimeter-3-atm-water-resistance-247-health-tracking-fitbeing-app-support-i496647248.html
P0295,"UGEE M708 V3 Digital Drawing Tablet, 10 x 6 Inches Large Graphics Tablet",ugee m708 v3 digital drawing tablet 10 x 6 inches large graphics tablet,Daraz,7196,7196,7196,0,1,Daraz,https://www.daraz.com.np/products/ugee-m708-v3-digital-drawing-tablet-10-x-6-inches-large-graphics-tablet-i127907064.html
P0009,"ADAM elements GRAVITY 10,000 mAh Fast Charging Power Bank with Built-In Cable",adam elements gravity 10 000 mah fast charging power bank with built in cable,Oliz,7500,7500,7500,0,1,Oliz,https://olizstore.com/products/adam-elements-gravity-10000-mah-30w-fast-charging-power-bank-with-built-in-cable
P0169,K\u0026F Concept DJI Osmo 360 Rabbit Cage,k u0026f concept dji osmo 360 rabbit cage,Oliz,7800,7800,7800,0,1,Oliz,https://olizstore.com/products/kandf-concept-dji-osmo-360-rabbit-cage
P0174,K\u0026F Concept DJI Osmo Pocket 3/4 Pocket Filter (Black Soft 1/4+ND16+ND64+ND256) 4-Piece Set,k u0026f concept dji osmo pocket 3 4 pocket filter 4 piece set,Oliz,7950,7950,7950,0,1,Oliz,https://olizstore.com/products/kandf-concept-dji-osmo-pocket-34-pocket-filter-(black-soft-14+nd16+nd64+nd256)-4-piece-set
P0146,Huawei Band 10,huawei band 10,Hukut,7990,7990,7990,0,1,Hukut,https://hukut.com/huawei-band-10
P0238,Samsung Galaxy Buds Core,samsung galaxy buds core,Hukut,7999,7999,7999,0,1,Hukut,https://hukut.com/samsung-galaxy-buds-core
P0153,INOI A72 2 gb ram 32 gb rom,inoi a72 ram rom,Daraz,8000,8000,8000,0,1,Daraz,https://www.daraz.com.np/products/inoi-a72-2-gb-ram-32-gb-rom-i168235337.html
P0013,"ADAM elements VIONTA C2 Pro 10,000 mAh 8-in-1 Magnetic Power Bank",adam elements vionta c2 pro 10 000 mah 8 in 1 magnetic power bank,Oliz,8000,8000,8000,0,1,Oliz,https://olizstore.com/products/adam-elements-vionta-c2-pro-10000-mah-8-in-1-magnetic-power-bank
P0170,K\u0026F Concept DJI OSMO ACTION 6 Cage Tempered Glass Screen Protector,k u0026f concept dji osmo action 6 cage tempered glass screen protector,Oliz,8100,8100,8100,0,1,Oliz,https://olizstore.com/products/kandf-concept-dji-osmo-action-6-cage-tempered-glass-screen-protector
P0037,Aoking LightGuard Backpack (Unisex) with Laptop compartment | SN41383F,aoking lightguard backpack with laptop compartment sn41383f,Oliz,8125,8125,8125,0,1,Oliz,https://olizstore.com/products/aoking-lightguard-backpack-(unisex)-with-laptop-compartment-or-sn41383f-price-in-nepal
P0200,Kivi ITab A1Tablet 4/32GB With One Year Warranty,kivi itab a1tablet 4 with one year,Daraz,8399,8399,8399,0,1,Daraz,https://www.daraz.com.np/products/kivi-itab-a1tablet-432gb-with-one-year-warranty-i121820907.html
P0012,"ADAM elements VIONTA B10 10,000 mAh Solid-State Power Bank with Foldable Stand",adam elements vionta b10 10 000 mah solid state power bank with foldable stand,Oliz,8500,8500,8500,0,2,Oliz,https://olizstore.com/products/adam-elements-vionta-b10-10000-mah-solid-state-power-bank-with-foldable-stand
P0011,ADAM elements VIONTA A5 4100 mAh Qi2 Solid-State Power Bank,adam elements vionta a5 4100 mah qi2 solid state power bank,Oliz,8500,8500,8500,0,1,Oliz,https://olizstore.com/products/adam-elements-vionta-a5-4100-mah-qi2-solid-state-power-bank
P0014,ADAM elements VIONTA T1S 10000 mAh Travel Solid-State Power Bank with Built-In Cable,adam elements vionta t1s 10000 mah travel solid state power bank with built in cable,Oliz,8800,8800,8800,0,1,Oliz,https://olizstore.com/products/adam-elements-vionta-t1s-10000mah-travel-solid-state-power-bank-with-built-in-cable
P0320,XP-PEN Deco 7 Pen graphic Drawing Tablet,xp pen deco 7 pen graphic drawing tablet,Daraz,8999,8999,8999,0,2,Daraz,https://www.daraz.com.np/products/xp-pen-deco-7-pen-graphic-drawing-tablet-i104548526.html
P0167,K\u0026F Concept DJI Action Camera filter,k u0026f concept dji action camera filter,Oliz,9900,9900,9900,0,1,Oliz,https://olizstore.com/products/kandf-concept-dji-action-camera-filter
P0110,"Great Asia TK-E720: Kids Tablet | Android 13 | 7"" Touch Screen | Quad-Core Processor | 2GB RAM ,32GB Storage | Dual Cameras",great asia tk e720 kids tablet android 13 7 touch screen quad core processor ram storage dual cameras,Daraz,9999,9999,9999,0,1,Daraz,https://www.daraz.com.np/products/great-asia-tk-e720-kids-tablet-android-13-7-touch-screen-quad-core-processor-2gb-ram-32gb-storage-dual-cameras-i146418589.html
P0317,Xiaomi Redmi Watch 5 Lite,xiaomi redmi watch 5 lite,Hukut,9999,9999,9999,0,1,Hukut,https://hukut.com/redmi-watch-5-lite
P0093,DJI Mic Mini 2 (1 TX + 1 MRX + Charging Case),dji mic mini 2,Oliz,11500,19500,15833,8000,3,Oliz,https://olizstore.com/products/dji-mic-mini-2-one-transmitter-price-in-nepal
P0163,JBL Wave Beam 2,jbl wave beam 2,Hukut,11500,11500,11500,0,1,Hukut,https://hukut.com/jbl-wave-beam-2
P0082,"Coolpad Cool 10 A [2GB+64GB,6.517 ""HD Waterdrop ,13MP+0.3MP,4000 mAh ]",coolpad cool 10 a 6 517 hd waterdrop 13mp 0 3mp 4000 mah,Daraz,12495,12495,12495,0,1,Daraz,https://www.daraz.com.np/products/coolpad-cool-10-a-2gb64gb6517-hd-waterdrop-13mp03mp4000-mah-i105517300.html
P0321,"XPPen Updated Deco 01 V3 Drawing Tablet-16384 Levels of Pressure Battery-Free Stylus, 10x6 Inch OSU Graphic Tablet, 8 Hotkeys for Digital Art, Teaching, Gaming Drawing Pad for Chrome, PC, Mac, Android",xppen updated deco 01 v3 drawing tablet 16384 levels of pressure battery free stylus 10x6 inch osu graphic tablet 8 hotkeys for digital art teaching gaming drawing pad for chrome pc mac android,Daraz,12999,12999,12999,0,1,Daraz,https://www.daraz.com.np/products/xppen-updated-deco-01-v3-drawing-tablet-16384-levels-of-pressure-battery-free-stylus-10x6-inch-osu-graphic-tablet-8-hotkeys-for-digital-art-teaching-gaming-drawing-pad-for-chrome-pc-mac-android-i176538319.html
P0309,"X1 Tablet 4-64 Memory | Special For Hotel,Restuarents ,Online Class | 8 Inch Ips Screen | 4450 Mah Battery",x1 tablet 4 64 memory special for hotel restuarents class 8 inch ips screen 4450 mah battery,Daraz,12999,12999,12999,0,1,Daraz,https://www.daraz.com.np/products/x1-tablet-4-64-memory-special-for-hotelrestuarents-online-class-8-inch-ips-screen-4450-mah-battery-i135371926.html
P0319,XP-PEN Deco 01 V2 Graphic Tab,xp pen deco 01 v2 graphic tab,Daraz,12999,12999,12999,0,1,Daraz,https://www.daraz.com.np/products/xp-pen-deco-01-v2-graphic-tab-i103604463.html
P0010,"ADAM elements GRAVITY Pro 20,000 mAh Fast Charging Power Bank",adam elements gravity pro 20 000 mah fast charging power bank,Oliz,13000,13000,13000,0,1,Oliz,https://olizstore.com/products/adam-elements-gravity-pro-100w-fast-charging-power-bank
P0120,HiFuture AURA 2,hifuture aura 2,Hukut,13499,13499,13499,0,1,Hukut,https://hukut.com/hifuture-aura-2
P0133,Hollyland LARK M2 DUO USB-C,hollyland lark m2 duo usb c,Oliz,14500,14500,14500,0,1,Oliz,https://olizstore.com/products/hollyland-lark-m2-duo-usb-c-price-in-nepal
P0303,vitu  S25 ultra 8Ram 128 GB Rom,vitu s25 ultra 8ram rom,Daraz,14500,14500,14500,0,1,Daraz,https://www.daraz.com.np/products/vitu-ultra-8-gb-ram-128-rom-i371630414.html
P0109,"Great Asia TK-E10A523 Android 13 Tablet  10.1"" IPS Display  Octa-Core  4GB RAM  64GB Storage  Dual Cameras I wifi only",great asia tk e10a523 android 13 tablet 10 1 ips display octa core ram storage dual cameras i wifi only,Daraz,14838,14838,14838,0,1,Daraz,https://www.daraz.com.np/products/great-asia-tk-e10a523-android-13-tablet-101-ips-display-octa-core-4gb-ram-64gb-storage-dual-cameras-i-wifi-only-i146452168.html
P0313,Xiaomi Redmi A5 4G,xiaomi redmi a5,Hukut,16999,16999,16999,0,2,Hukut,https://hukut.com/redmi-a5-4g
P0063,Blackview Tab 20 Kids 10.1-inch 4GB+64GB 6600mAh Children Edition Wi-Fi Tablet,blackview tab 20 kids 10 1 inch 6600mah children edition wi fi tablet,Daraz,17499,17499,17499,0,1,Daraz,https://www.daraz.com.np/products/blackview-tab-20-kids-101-inch-4gb64gb-6600mah-children-edition-wi-fi-tablet-i495624356.html
P0151,Infinix Smart 20,infinix smart 20,Hukut,17999,17999,17999,0,1,Hukut,https://hukut.com/infinix-smart-20
P0064,"Blackview Tab 60 WiFi (4GB+128GB) | Expandabled Ram Upto 12 GB | 8 MP Camera | 10.1"" Display | Slate Grey,Sky Blue,Mint Green",blackview tab 60 wifi expandabled ram upto 8 mp camera 10 1 display slate grey sky blue mint green,Daraz,18999,18999,18999,0,1,Daraz,https://www.daraz.com.np/products/blackview-tab-60-wifi-4gb128gb-expandabled-ram-upto-12-gb-8-mp-camera-101-display-slate-greysky-bluemint-green-i174133098.html
P0060,"Blackview COLOR 6 | 6.67"" 90Hz Display | MediaTek Helio G81 | 8+128GB | 50MP Main & 13MP Selfie Camera | 4G Smartphone",blackview color 6 6 67 90hz display mediatek helio g81 8 50mp main 13mp selfie camera smartphone,Daraz,18999,18999,18999,0,1,Daraz,https://www.daraz.com.np/products/blackview-color-6-667-90hz-display-mediatek-helio-g81-8128gb-50mp-main-13mp-selfie-camera-4g-smartphone-i456235262.html
P0234,Samsung Galaxy A07 4G,samsung galaxy a07,Hukut,18999,79999,49499,61000,2,Hukut,https://hukut.com/samsung-galaxy-a07-4g
P0231,Redmi 15C 4G,redmi 15c,Hukut,19999,19999,19999,0,1,Hukut,https://hukut.com/redmi-15c-4g
P0139,Honor X5c,honor x5c,Hukut,20499,20499,20499,0,1,Hukut,https://hukut.com/honor-x5c
P0183,K\u0026F Concept Effect Lens \u0026 ND Filter Kit for DJI Osmo Pocket 4/3,k u0026f concept effect lens u0026 nd filter kit for dji osmo pocket 4 3,Oliz,21900,21900,21900,0,1,Oliz,https://olizstore.com/products/kandf-concept-effect-lens-and-nd-filter-kit-for-dji-osmo-pocket-43
P0306,vivo Y05 | 6500 mAh Battery  | Anti-Drop Design | IP65 Dust & Water Resistance | 120Hz Smooth Display,vivo y05 6500 mah battery anti drop design ip65 dust water resistance 120hz smooth display,Daraz,21999,21999,21999,0,1,Daraz,https://www.daraz.com.np/products/vivo-y05-6500-mah-battery-anti-drop-design-ip65-dust-water-resistance-120hz-smooth-display-i1514717809.html
P0305,vivo Y05,vivo y05,Hukut,21999,21999,21999,0,1,Hukut,https://hukut.com/vivo-y05
P0232,"Redmi 15C (6GB+128GB) | 6.9"" Dot Drop DIsplay |  MediaTek Helio G81-Ultra processor | 6000mAh (typ) battery | 33W Fast charging | 10W reverse charging",redmi 15c 6 9 dot drop display mediatek helio g81 ultra processor 6000mah battery 33w fast charging 10w reverse charging,Daraz,21999,21999,21999,0,1,Daraz,https://www.daraz.com.np/products/redmi-15c-6gb128gb-69-dot-drop-display-mediatek-helio-g81-ultra-processor-6000mah-typ-battery-33w-fast-charging-10w-reverse-charging-i480184210.html
P0136,"HONOR Pad X7 | 7020mAh Massive Battery | 8.7"" Eye Comfort Display | Snapdragon 8 Cores Chipset Buy",honor pad x7 7020mah massive battery 8 7 eye comfort display snapdragon 8 cores chipset,Daraz,21999,21999,21999,0,1,Daraz,https://www.daraz.com.np/products/honor-pad-x7-7020mah-massive-battery-87-eye-comfort-display-snapdragon-8-cores-chipset-buy-i499274596.html
P0239,Samsung Galaxy Tab A11,samsung galaxy tab a11,Hukut,21999,44999,34124,23000,4,Hukut,https://hukut.com/samsung-galaxy-tab-a11
P0236,"Samsung Galaxy A07 (4GB/128GB) | 6.7"" HD+ 90Hz Display | 50MP Main Camera | 5000mAh Battery",samsung galaxy a07 6 7 hd 90hz display 50mp main camera 5000mah battery,Daraz,22499,22499,22499,0,1,Daraz,https://www.daraz.com.np/products/samsung-galaxy-a07-4gb128gb-67-hd-90hz-display-50mp-main-camera-5000mah-battery-i496280661.html
P0314,Xiaomi Redmi A7 Pro,xiaomi redmi a7 pro,Hukut,22999,22999,22999,0,1,Hukut,https://hukut.com/xiaomi-redmi-a7-pro
P0059,Blackview BV6200 Plus Rugged Phone (8GB+256GB) | 3W 98dB Ultra Loud Speaker | 11000mAh Battery | Shockproof & Waterproof | 6.56-inch HD+IPS Display | 90Hz Refresh Rate | 16MP Camera |  Up to 2TB TF Expansion,blackview bv6200 plus rugged phone 3w 98db ultra loud speaker 11000mah battery shockproof waterproof 6 56 inch hd ips display 90hz refresh rate 16mp camera up to tf expansion,Daraz,22999,22999,22999,0,1,Daraz,https://www.daraz.com.np/products/blackview-bv6200-plus-rugged-phone-8gb256gb-3w-98db-ultra-loud-speaker-11000mah-battery-shockproof-waterproof-656-inch-hdips-display-90hz-refresh-rate-16mp-camera-up-to-2tb-tf-expansion-i292035294.html
P0065,BLACKVIEW TAB 9 WIFI (8GB+256GB) | 11-inch HD | GRAY | BLUE | PINK | EXPANDABLE UPTO 1TB,blackview tab 9 wifi 11 inch hd gray blue pink expandable upto,Daraz,23999,23999,23999,0,1,Daraz,https://www.daraz.com.np/products/blackview-tab-9-wifi-8gb256gb-11-inch-hd-gray-blue-pink-expandable-upto-1tb-i172984614.html
P0095,DJI Osmo Mobile 8P Standard Combo,dji osmo mobile 8p standard combo,Oliz,25000,25000,25000,0,1,Oliz,https://olizstore.com/products/dji-osmo-mobile-8p-standard-combo-price-in-nepal
P0138,Honor Pad X9a,honor pad x9a,Hukut,25499,25499,25499,0,1,Hukut,https://hukut.com/honor-pad-x9a
P0315,"Xiaomi Redmi Pad 2 9.7""",xiaomi redmi pad 2 9 7,Hukut,25999,29999,27999,4000,2,Hukut,https://hukut.com/xiaomi-redmi-pad-2-9.7
P0235,"Samsung Galaxy A07 (6GB RAM + 128GB) | 6.7"" 90Hz Display | 5000mAh Battery",samsung galaxy a07 6 7 90hz display 5000mah battery,Daraz,26499,26499,26499,0,1,Daraz,https://www.daraz.com.np/products/samsung-galaxy-a07-6gb-ram-128gb-67-90hz-display-5000mah-battery-i479109640.html
P0328,ZTE | nubia V80 Design (8 + 256 ) | 5000mAh battery | 6.75 inch 120 Hz Smoother | 50 MP AI Camera,zte nubia v80 design 5000mah battery 6 75 inch 120 hz smoother 50 mp ai camera,Daraz,27999,27999,27999,0,1,Daraz,https://www.daraz.com.np/products/zzte-nubia-v80-design-8-256-5000mah-battery-675-inch-120-hz-smoother-50-mp-ai-camera-i509650051.html
P0075,Citizen Eco-Drive Sport 42mm AW1816-89X,citizen eco drive sport 42mm aw1816 89x,Oliz,29990,33990,31990,4000,2,Oliz,https://olizstore.com/products/citizen-eco-drive-sport-42mm-aw1816-89x
P0150,Infinix HOT 60 Pro+ | 6.78″ FHD+ 120Hz Display| 8GB/128GB |50MP AI Camera| 5000mAh Battery| 5160 mAh Battery |,infinix hot 60 pro 6 78 fhd 120hz display 50mp ai camera 5000mah battery 5160 mah battery,Daraz,29999,29999,29999,0,1,Daraz,https://www.daraz.com.np/products/infinix-hot-60-pro-678-fhd-120hz-display-8gb128gb-50mp-ai-camera-5000mah-battery-5160-mah-battery-i474420877.html
P0137,Honor Pad X8b,honor pad x8b,Hukut,29999,29999,29999,0,1,Hukut,https://hukut.com/honor-pad-x8b
P0152,Infinix Xpad,infinix xpad,Hukut,31499,31499,31499,0,1,Hukut,https://hukut.com/infinix-xpad
P0237,Samsung Galaxy A17 5G (6GB RAM + 128GB) | 90Hz Super AMOLED | 50MP Camera With 25W Power Adapter,samsung galaxy a17 90hz super amoled 50mp camera with 25w power adapter,Daraz,33999,36999,35499,3000,2,Daraz,https://www.daraz.com.np/products/samsung-galaxy-a17-5g-6gb-ram-128gb-90hz-super-amoled-50mp-camera-with-25w-power-adapter-i479073236.html
P0224,OnePlus Pad Lite,oneplus pad lite,Hukut,34999,34999,34999,0,1,Hukut,https://hukut.com/oneplus-pad-lite
P0061,Blackview MEGA 2 Tablet( 12GB(8+16) +256GB) | Set of Packing (Wireless keyboard + Mouse + Stylus Pen + Earphone) | 12 inch 2K Display | 9000mAh Battery,blackview mega 2 tablet set of packing 12 inch 2k display 9000mah battery,Daraz,34999,34999,34999,0,1,Daraz,https://www.daraz.com.np/products/blackview-mega-2-tablet-12gb816-256gb-set-of-packing-wireless-keyboard-mouse-stylus-pen-earphone-12-inch-2k-display-9000mah-battery-i184987687.html
P0108,Great Asia High-Performance Tablet TK-P616 | 10.51-inch Display | Android 13.0 | T616 Octa-Core CPU | 6GB | 128GB Storage,great asia high performance tablet tk p616 10 51 inch display android 13 0 t616 octa core cpu storage,Daraz,35000,35000,35000,0,1,Daraz,https://www.daraz.com.np/products/great-asia-high-performance-tablet-tk-p616-1051-inch-display-android-130-t616-octa-core-cpu-6gb-128gb-storage-i146341605.html
P0094,DJI Osmo Mobile 8P Creator Combo,dji osmo mobile 8p creator combo,Oliz,35000,35000,35000,0,1,Oliz,https://olizstore.com/products/dji-osmo-mobile-8p
P0071,Citizen Eco-Drive Military 41mm Black AW1571-09A,citizen eco drive military 41mm black aw1571 09a,Oliz,36990,36990,36990,0,1,Oliz,https://olizstore.com/products/citizen-eco-drive-military-41mm-black-aw1571-09a
P0073,Citizen Eco-Drive Sport 37mm AW1821-89L,citizen eco drive sport 37mm aw1821 89l,Oliz,37990,37990,37990,0,1,Oliz,https://olizstore.com/products/citizen-eco-drive-sport-37mm-aw1821-89l
P0068,Citizen Eco-Drive 40mm BM6756-01A,citizen eco drive 40mm bm6756 01a,Oliz,39990,39990,39990,0,1,Oliz,https://olizstore.com/products/citizen-eco-drive-40mm-bm6756-01a
P0072,Citizen Eco-Drive Military 41mm Blue AW1571-76L,citizen eco drive military 41mm blue aw1571 76l,Oliz,39990,39990,39990,0,1,Oliz,https://olizstore.com/products/citizen-eco-drive-military-41mm-blue-aw1571-76l
P0140,Honor X8d,honor x8d,Hukut,39999,39999,39999,0,1,Hukut,https://hukut.com/honor-x8d
P0111,"Great Asia TK-P98 Professional Tablet 8GB Ram 128GB Rom , keyboard, stylus pen ,Bluetooth mouse, OTG Cable",great asia tk p98 professional tablet ram rom keyboard stylus pen bluetooth mouse otg cable,Daraz,40000,40000,40000,0,1,Daraz,https://www.daraz.com.np/products/great-asia-tk-p98-professional-tablet-8gb-ram-128gb-rom-keyboard-stylus-pen-bluetooth-mouse-otg-cable-i128483587.html
P0242,Seiko 5 Automatic SNKK25K1,seiko 5 automatic snkk25k1,Oliz,40000,40000,40000,0,1,Oliz,https://olizstore.com/products/seiko-5-automatic-snkk25k1
P0219,"Nothing Phone (3a) lite 6.77"" Flexible AMOLED Display | MediaTek Dimensity 7300 Pro 5G Processor | 5,000 mAh Battery",nothing phone lite 6 77 flexible amoled display mediatek dimensity 7300 pro processor 5 000 mah battery,Daraz,40999,40999,40999,0,1,Daraz,https://www.daraz.com.np/products/nothing-phone-3a-lite-677-flexible-amoled-display-mediatek-dimensity-7300-pro-5g-processor-5000-mah-battery-i502456765.html
P0074,Citizen Eco-Drive Sport 41mm Black BM7631-52E,citizen eco drive sport 41mm black bm7631 52e,Oliz,43990,43990,43990,0,2,Oliz,https://olizstore.com/products/citizen-eco-drive-sport-41mm-black-bm7631-52e
P0118,Harman Kardon Onyx Studio 9,harman kardon onyx studio 9,Oliz,45000,45000,45000,0,1,Oliz,https://olizstore.com/products/harman-kardon-onyx-studio-9
P0117,Harman Kardon Aura Studio 5,harman kardon aura studio 5,Oliz,48000,48000,48000,0,1,Oliz,https://olizstore.com/products/harman-kardon-aura-studio-5
P0202,Lenovo Ideapad 1 N4500 | 4GB RAM | 256GB SSD | 14″ HD | Win 11 | 1 Years Warranty,lenovo ideapad 1 n4500 ram ssd 14 hd win 11 1 years,Daraz,49990,49990,49990,0,1,Daraz,https://www.daraz.com.np/products/lenovo-ideapad-1-n4500-4gb-ram-256gb-ssd-14-hd-win-11-1-years-warranty-i511353936.html
P0079,Citizen Super Ti Eco-Drive 42mm Black BM8560-11XE,citizen super ti eco drive 42mm black bm8560 11xe,Oliz,49990,49990,49990,0,1,Oliz,https://olizstore.com/products/citizen-super-ti-eco-drive-42mm-black-bm8560-11xe
P0312,Xiaomi Pad 7,xiaomi pad 7,Hukut,49999,69999,59999,20000,2,Hukut,https://hukut.com/xiaomi-pad-7
P0265,Tissot Ballade 34mm – T156.210.22.031.00,tissot ballade 34mm t156 210 22 031 00,Oliz,51000,51000,51000,0,1,Oliz,https://olizstore.com/products/tissot-ballade-34mm-t156.210.22.031.00
P0270,Tissot PR 100 34mm T150.210.11.041.00,tissot pr 100 34mm t150 210 11 041 00,Oliz,51000,51000,51000,0,1,Oliz,https://olizstore.com/products/tissot-pr-100-34mm-t150.210.11.041.00
P0272,Tissot PR 100 40mm T150.410.11.041.00,tissot pr 100 40mm t150 410 11 041 00,Oliz,51000,51000,51000,0,2,Oliz,https://olizstore.com/products/tissot-pr-100-40mm-t150.410.11.041.00
P0271,Tissot PR 100 34mm T150.210.33.021.00,tissot pr 100 34mm t150 210 33 021 00,Oliz,51000,51000,51000,0,1,Oliz,https://olizstore.com/products/tissot-pr-100-34mm-t150.210.33.021.00
P0119,Harman Kardon Sound Sticks 5,harman kardon sound sticks 5,Oliz,52000,52000,52000,0,1,Oliz,https://olizstore.com/products/harman-kardon-sound-sticks-5
P0269,Tissot Gentleman T127.410.16.041.00,tissot gentleman t127 410 16 041 00,Oliz,52000,52000,52000,0,1,Oliz,https://olizstore.com/products/tissot-gentleman-t127.410.16.041.00
P0147,Huawei Watch GT 6 Pro,huawei watch gt 6 pro,Hukut,54489,54489,54489,0,1,Hukut,https://hukut.com/huawei-watch-gt-6-pro
P0080,Citizen Super Ti Eco-Drive 42mm Blue BM8560-88LE,citizen super ti eco drive 42mm blue bm8560 88le,Oliz,54990,54990,54990,0,1,Oliz,https://olizstore.com/products/citizen-super-ti-eco-drive-42mm-blue-bm8560-88le
P0141,"HONOR X9d 5G | 8/12GB RAM, 256GB Storage | 2.5m Drop-resistant | IP69K Water-resistant | 8300mAh 3-day Battery | 108MP AI Camera",honor x9d 8 ram storage 2 5m drop resistant ip69k water resistant 8300mah 3 day battery 108mp ai camera,Daraz,54999,54999,54999,0,1,Daraz,https://www.daraz.com.np/products/honor-x9d-5g-812gb-ram-256gb-storage-25m-drop-resistant-ip69k-water-resistant-8300mah-3-day-battery-108mp-ai-camera-i511085056.html
P0290,Tissot Tradition 42mm T063.610.16.058.00,tissot tradition 42mm t063 610 16 058 00,Oliz,55000,55000,55000,0,1,Oliz,https://olizstore.com/products/tissot-tradition-42mm-t063.610.16.058.00
P0291,Tissot Tradition T063.610.11.037.00,tissot tradition t063 610 11 037 00,Oliz,55000,55000,55000,0,3,Oliz,https://olizstore.com/products/tissot-tradition-t063.610.11.037.00
P0285,Tissot Seastar 1000 40mm T120.410.22.051.00,tissot seastar 1000 40mm t120 410 22 051 00,Oliz,57000,57000,57000,0,1,Oliz,https://olizstore.com/products/tissot-seastar-1000-40mm-t120.410.22.051.00
P0286,Tissot Seastar 1000 40mm T120.410.33.421.00,tissot seastar 1000 40mm t120 410 33 421 00,Oliz,57000,57000,57000,0,1,Oliz,https://olizstore.com/products/tissot-seastar-1000-40mm-t120.410.33.421.00
P0288,Tissot Seastar 1000 Chronograph T120.417.17.051.01,tissot seastar 1000 chronograph t120 417 17 051 01,Oliz,57000,57000,57000,0,1,Oliz,https://olizstore.com/products/tissot-seastar-1000-chronograph-t120.417.17.051.01
P0287,Tissot Seastar 1000 45.5mm T120.417.17.081.01,tissot seastar 1000 45 5mm t120 417 17 081 01,Oliz,57000,57000,57000,0,1,Oliz,https://olizstore.com/products/tissot-seastar-1000-45.5mm-t120.417.17.081.01
P0158,JBL PartyBox Encore Essential 2,jbl partybox encore essential 2,Oliz,57500,57500,57500,0,1,Oliz,https://olizstore.com/products/jbl-partybox-encore-essential-2-price-in-nepal
P0213,Marshall Kilburn III,marshall kilburn iii,Oliz,58000,58000,58000,0,1,Oliz,https://olizstore.com/products/marshall-kilburn-iii
P0276,Tissot PRX 25mm T137.010.11.111.00,tissot prx 25mm t137 010 11 111 00,Oliz,59000,59000,59000,0,1,Oliz,https://olizstore.com/products/tissot-prx-25mm-t137.010.11.111.00
P0267,Tissot Classic Dream 42mm T129.410.22.031.00,tissot classic dream 42mm t129 410 22 031 00,Oliz,59000,59000,59000,0,1,Oliz,https://olizstore.com/products/tissot-classic-dream-42mm-t129.410.22.031.00
P0218,Nothing Phone (4a),nothing phone,Hukut,59999,59999,59999,0,1,Hukut,https://hukut.com/nothing-phone-(4a)
P0243,Seiko 5 Sports Field Series SRPG35,seiko 5 sports field series srpg35,Oliz,60000,60000,60000,0,1,Oliz,https://olizstore.com/products/seiko-5-sports-field-series-srpg35
P0253,Seiko Selection Mechanical Spring 2026 Limited Edition SCVE065,seiko selection mechanical spring 2026 limited edition scve065,Oliz,60000,60000,60000,0,1,Oliz,https://olizstore.com/products/seiko-selection-mechanical-spring-2026-limited-edition-scve065
P0281,Tissot PRX 40mm T137.410.11.091.00,tissot prx 40mm t137 410 11 091 00,Oliz,62000,112000,95333,50000,3,Oliz,https://olizstore.com/products/tissot-prx-40mm-t137.410.11.091.00
P0278,Tissot PRX 35mm T137.210.11.081.00,tissot prx 35mm t137 210 11 081 00,Oliz,62000,62000,62000,0,1,Oliz,https://olizstore.com/products/tissot-prx-35mm-t137.210.11.081.00
P0283,Tissot PRX 40mm T137.410.16.041.00,tissot prx 40mm t137 410 16 041 00,Oliz,62000,62000,62000,0,2,Oliz,https://olizstore.com/products/tissot-prx-40mm-t137.410.16.041.00
P0284,Tissot PRX Quartz Champagne Dial 40mm T137.410.33.021.00,tissot prx quartz champagne dial 40mm t137 410 33 021 00,Oliz,62000,62000,62000,0,1,Oliz,https://olizstore.com/products/tissot-prx-quartz-champagne-dial-40mm-t137.410.33.021.00
P0279,Tissot PRX 35mm T137.210.11.331.00,tissot prx 35mm t137 210 11 331 00,Oliz,62000,62000,62000,0,2,Oliz,https://olizstore.com/products/tissot-prx-35mm-t137.210.11.331.00
P0277,Tissot PRX 25mm T137.010.33.506.00,tissot prx 25mm t137 010 33 506 00,Oliz,62000,62000,62000,0,1,Oliz,https://olizstore.com/products/tissot-prx-25mm-t137.010.33.506.00
P0275,Tissot PR516 Chronograph Quartz 40mm T149.417.22.051.00,tissot pr516 chronograph quartz 40mm t149 417 22 051 00,Oliz,62000,62000,62000,0,1,Oliz,https://olizstore.com/products/tissot-pr516-chronograph-quartz-40mm-t149.417.22.051.00
P0282,Tissot PRX 40mm T137.410.11.421.00,tissot prx 40mm t137 410 11 421 00,Oliz,62000,62000,62000,0,1,Oliz,https://olizstore.com/products/tissot-prx-40mm-t137.410.11.421.00
P0280,Tissot PRX 40mm Quartz T137.410.11.041.00,tissot prx 40mm quartz t137 410 11 041 00,Oliz,62000,62000,62000,0,1,Oliz,https://olizstore.com/products/tissot-prx-40mm-quartz-t137.410.11.041.00
P0274,Tissot PR 100 Chronograph 40mm T150.417.22.031.00,tissot pr 100 chronograph 40mm t150 417 22 031 00,Oliz,65000,65000,65000,0,1,Oliz,https://olizstore.com/products/tissot-pr-100-chronograph-40mm-t150.417.22.031.00
P0266,Tissot Ballade Quartz 40mm – T156.410.33.051.00,tissot ballade quartz 40mm t156 410 33 051 00,Oliz,65000,65000,65000,0,1,Oliz,https://olizstore.com/products/tissot-ballade-quartz-40mm-t156.410.33.051.00
P0241,Seiko 5 Automatic Blue Dial SNZG11J1,seiko 5 automatic blue dial snzg11j1,Oliz,65000,65000,65000,0,1,Oliz,https://olizstore.com/products/seiko-5-automatic-blue-dial-snzg11j1
P0273,Tissot PR 100 40mm – T150.417.33.031.00,tissot pr 100 40mm t150 417 33 031 00,Oliz,65000,65000,65000,0,1,Oliz,https://olizstore.com/products/tissot-pr-100-40mm-t150.417.33.031.00
P0244,Seiko 5 Sports SRPK09K1,seiko 5 sports srpk09k1,Oliz,65000,65000,65000,0,1,Oliz,https://olizstore.com/products/seiko-5-sports-srpk09k1
P0159,JBL PartyBox On-The-Go 2,jbl partybox on the go 2,Oliz,65000,65000,65000,0,1,Oliz,https://olizstore.com/products/jbl-partybox-on-the-go-2
P0157,JBL PartyBox Encore 2,jbl partybox encore 2,Oliz,65000,65000,65000,0,1,Oliz,https://olizstore.com/products/jbl-partybox-encore-2
P0077,Citizen Star Wars AN3668-55W,citizen star wars an3668 55w,Oliz,67000,84990,75660,17990,3,Oliz,https://olizstore.com/products/citizen-star-wars-an3668-55w
P0098,Dyson HushJet™ Purifier Compact HJ10,dyson hushjet purifier compact hj10,Oliz,68000,68000,68000,0,1,Oliz,https://olizstore.com/products/dyson-hushjettm-purifier-compact-hj10
P0069,Citizen Eco-Drive AT2585-08E,citizen eco drive at2585 08e,Oliz,68990,68990,68990,0,2,Oliz,https://olizstore.com/products/citizen-eco-drive-at2585-08e
P0067,Citizen Beginning Blue Eco-Drive Chronograph CA0770-72M,citizen beginning blue eco drive chronograph ca0770 72m,Oliz,68990,68990,68990,0,1,Oliz,https://olizstore.com/products/citizen-beginning-blue-eco-drive-chronograph-ca0770-72m
P0090,DJI Lito X1 with RC-N3 Remote,dji lito x1 with rc n3 remote,Oliz,70000,70000,70000,0,1,Oliz,https://olizstore.com/products/dji-lito-x1-with-rc-n3-remote
P0154,iPad 11-Inch (A16),ipad 11 inch,Daraz,71000,71000,71000,0,1,Daraz,https://www.daraz.com.np/products/ipad-11-inch-a16-i437305776.html
P0002,Acer Aspire Go 15 Core 3-N355 | 8GB RAM | 256GB SSD | 15.6 ” FHD | Win 11 Home | 1Years Warranty,acer aspire go 15 core 3 n355 ram ssd 15 6 fhd win 11 home 1years,Daraz,71990,71990,71990,0,1,Daraz,https://www.daraz.com.np/products/acer-aspire-go-15-core-3-n355-8gb-ram-256gb-ssd-156-fhd-win-11-home-1years-warranty-i511347976.html
P0208,Lenovo V14 G5 2025 (13th Gen Intel Core i3-1315U | Intel UHD Graphics),lenovo v14 g5 2025,Hukut,71999,71999,71999,0,1,Hukut,https://hukut.com/lenovo-v14-g5-2025-intel-i3-1315u-uhd-graphics
P0039,"Apple iPad 11"" A16 Chip | Liquid retina display | WiFi Version",apple ipad 11 a16 chip liquid retina display wifi version,Daraz,72500,72500,72500,0,1,Daraz,https://www.daraz.com.np/products/apple-ipad-11-a16-chip-liquid-retina-display-wifi-version-i366436603.html
P0101,Dyson Purifier Cool Gen1 TP10 Purifying Fan,dyson purifier cool gen1 tp10 purifying fan,Oliz,74500,74500,74500,0,1,Oliz,https://olizstore.com/products/dyson-purifier-cool-gen1-tp10-purifying-fan
P0078,Citizen Star Wars AN3669-52E,citizen star wars an3669 52e,Oliz,74990,74990,74990,0,1,Oliz,https://olizstore.com/products/citizen-star-wars-an3669-52e
P0144,HP Notebook 15-fc0124nia AMD Ryzen 3 7320U Processor – 8GB DDR5 RAM – 512GB NVMe SSD – AMD Radeon Integrated Graphics – 15.6″ FHD IPS Display – Backlit Keyboard - Natural Silver,hp notebook 15 fc0124nia amd ryzen 3 7320u processor ddr5 ram nvme ssd amd radeon integrated graphics 15 6 fhd ips display backlit keyboard natural silver,Daraz,74999,74999,74999,0,1,Daraz,https://www.daraz.com.np/products/hp-notebook-15-fc0124nia-amd-ryzen-3-7320u-processor-8gb-ddr5-ram-512gb-nvme-ssd-amd-radeon-integrated-graphics-156-fhd-ips-display-backlit-keyboard-natural-silver-i1514314530.html
P0245,Seiko Presage Cocktail Time SARY271,seiko presage cocktail time sary271,Oliz,75000,90000,82500,15000,2,Oliz,https://olizstore.com/products/seiko-presage-cocktail-time-sary271
P0289,Tissot Supersport Chrono T125.617.36.051.00,tissot supersport chrono t125 617 36 051 00,Oliz,75000,75000,75000,0,1,Oliz,https://olizstore.com/products/tissot-supersport-chrono-t125.617.36.051.00
P0088,DJI Lito 1 Fly More Combo with RC-N3 Remote,dji lito 1 fly more combo with rc n3 remote,Oliz,76500,109500,93667,33000,3,Oliz,https://olizstore.com/products/dji-lito-1-drone-fly-more-combo-with-rc-n3-remote
P0214,Marshall Sub 200,marshall sub 200,Oliz,78000,78000,78000,0,1,Oliz,https://olizstore.com/products/marshall-sub-200
P0086,Dell Pro 15 Essential (AMD Ryzen 5 7520U | AMD Radeon Graphics),dell pro 15 essential,Hukut,78999,78999,78999,0,1,Hukut,https://hukut.com/dell-pro-15-essential-ryzen-5-7520u-radeon
P0058,Asus Vivobook X1404VA Core i3-1315U 13th Gen | 8 GB RAM | 256GB SSD | 14″ FHD | Win 11 | 1 Years Warranty,asus vivobook x1404va core i3 1315u 13th gen ram ssd 14 fhd win 11 1 years,Daraz,79990,79990,79990,0,1,Daraz,https://www.daraz.com.np/products/asus-vivobook-x1404va-core-i3-1315u-13th-gen-8-gb-ram-256gb-ssd-14-fhd-win-11-1-years-warranty-i511345998.html
P0203,Lenovo IdeaPad 1 Ryzen 5 7520U | 8GB RAM | 256GB SSD | 15.6″ Full HD Laptop | Abyss Blue,lenovo ideapad 1 ryzen 5 7520u ram ssd 15 6 full hd laptop abyss blue,Daraz,79999,79999,79999,0,1,Daraz,https://www.daraz.com.np/products/lenovo-ideapad-1-ryzen-5-7520u-8gb-ram-256gb-ssd-156-full-hd-laptop-abyss-blue-i1514701048.html
P0096,DJI Osmo Pocket 4 (Standard Combo),dji osmo pocket 4,Oliz,80000,99000,89500,19000,2,Oliz,https://olizstore.com/products/dji-osmo-pocket-4-standard-combo-price-in-nepal
P0084,"Dell Latitude 3420 i5 11th Gen, Business series 8GB RAM, 256GB SSD Genuine Laptop",dell latitude 3420 i5 11th gen business series ram ssd laptop,Daraz,81000,81000,81000,0,1,Daraz,https://www.daraz.com.np/products/dell-latitude-3420-i5-11th-gen-business-series-8gb-ram-256gb-ssd-genuine-laptop-i1515979170.html
P0057,"ASUS VivoBook | Intel Core™ i5-120U | 8GB RAM | 256GB SSD | Windows 11 | Quiet Blue | X1404VAP-V14 | 14"" FHD Laptop",asus vivobook intel core i5 120u ram ssd windows 11 quiet blue x1404vap v14 14 fhd laptop,Daraz,81950,81950,81950,0,1,Daraz,https://www.daraz.com.np/products/asus-vivobook-intel-core-i5-120u-8gb-ram-256gb-ssd-windows-11-quiet-blue-x1404vap-v14-14-fhd-laptop-i505850888.html
P0070,Citizen Eco-Drive AW0130-85Z,citizen eco drive aw0130 85z,Oliz,81990,81990,81990,0,1,Oliz,https://olizstore.com/products/citizen-eco-drive-aw0130-85z
P0076,Citizen Promaster Eco-Drive BN0260-54L,citizen promaster eco drive bn0260 54l,Oliz,81990,90000,84660,8010,3,Oliz,https://olizstore.com/products/citizen-promaster-eco-drive-bn0260-54l
P0081,Citizen TSUYOSA 60 Small Second NK5010-51L,citizen tsuyosa 60 small second nk5010 51l,Oliz,82000,82000,82000,0,2,Oliz,https://olizstore.com/products/citizen-tsuyosa-60-small-second-nk5010-51l
P0240,Samsung Galaxy Watch 8 Classic,samsung galaxy watch 8 classic,Hukut,82999,82999,82999,0,1,Hukut,https://hukut.com/samsung-galaxy-watch-8-classic
P0204,Lenovo IdeaPad 1i – Intel Core i5 1335U 13th Gen – 16GB DDR4 RAM – 256GB NVMe SSD – Intel Iris Xe Integrated Graphics – 15.6″ Full HD (1920 x 1080) Display – Cloud Grey,lenovo ideapad 1i intel core i5 1335u 13th gen ddr4 ram nvme ssd intel iris xe integrated graphics 15 6 full hd display cloud grey,Daraz,84999,84999,84999,0,1,Daraz,https://www.daraz.com.np/products/lenovo-ideapad-1i-intel-core-i5-1335u-13th-gen-16gb-ddr4-ram-256gb-nvme-ssd-intel-iris-xe-integrated-graphics-156-full-hd-1920-x-1080-display-cloud-grey-i1514316560.html
P0247,Seiko Presage SRPE17J1,seiko presage srpe17j1,Oliz,85000,85000,85000,0,1,Oliz,https://olizstore.com/products/seiko-presage-srpe17j1
P0103,Dyson Supersonic™ Origin Hair Dryer,dyson supersonic origin hair dryer,Oliz,85000,85000,85000,0,1,Oliz,https://olizstore.com/products/dyson-supersonictm-origin-hair-dryer
P0246,Seiko Presage Cocktail Time SRPB41,seiko presage cocktail time srpb41,Oliz,85000,85000,85000,0,1,Oliz,https://olizstore.com/products/seiko-presage-cocktail-time-srpb41
P0217,Nebula Mars 3 Air Portable Google TV Projector,nebula mars 3 air portable google tv projector,Oliz,85000,85000,85000,0,1,Oliz,https://olizstore.com/products/nebula-mars-3-air-portable-google-tv-projector
P0102,Dyson Supersonic™ Hair Dryer HD08,dyson supersonic hair dryer hd08,Oliz,85000,85000,85000,0,1,Oliz,https://olizstore.com/products/dyson-supersonictm-hair-dryer-hd08
P0205,Lenovo IdeaPad Slim 3 2023 (AMD Ryzen 5 7520U | AMD Radeon 610M Graphics),lenovo ideapad slim 3 2023,Hukut,86999,86999,86999,0,1,Hukut,https://hukut.com/lenovo-ideapad-slim-3-2023-ryzen-5-7520u
P0050,Asus VivoBook 14 2024 X1404V (Intel Core 5-120U | Intel UHD Graphics),asus vivobook 14 2024 x1404v,Hukut,87999,87999,87999,0,1,Hukut,https://hukut.com/asus-vivobook-15-2024-x1404v-core-5-120u
P0051,Asus Vivobook 14 X1404 Core 5 120U 14th Gen Processor – 8GB DDR4 RAM – 512GB NVMe SSD – Intel Integrated Graphics – 14″ FHD IPS Display – Magic Numpad – Quiet Blue,asus vivobook 14 x1404 core 5 120u 14th gen processor ddr4 ram nvme ssd intel integrated graphics 14 fhd ips display magic numpad quiet blue,Daraz,89999,89999,89999,0,1,Daraz,https://www.daraz.com.np/products/asus-vivobook-14-x1404-core-5-120u-14th-gen-processor-8gb-ddr4-ram-512gb-nvme-ssd-intel-integrated-graphics-14-fhd-ips-display-magic-numpad-quiet-blue-i1514670743.html
P0055,ASUS VivoBook Go 14 2025 E1404FA-EB1226W (AMD Ryzen 5 40 | AMD Radeon Graphics),asus vivobook go 14 2025 e1404fa eb1226w,Hukut,90999,90999,90999,0,1,Hukut,https://hukut.com/asus-vivobook-go-14-2025-ryzen-5-40-radeon
P0201,Laptop Acer Aspire Lite 15 AL15-44P AMD Ryzen 5 7430U – 16GB DDR4 RAM – 512GB NVMe SSD – AMD Radeon Integrated Graphics – 15.6″ FHD IPS Display – Silver,laptop acer aspire lite 15 al15 44p amd ryzen 5 7430u ddr4 ram nvme ssd amd radeon integrated graphics 15 6 fhd ips display silver,Daraz,94999,94999,94999,0,1,Daraz,https://www.daraz.com.np/products/laptop-acer-aspire-lite-15-al15-44p-amd-ryzen-5-7430u-16gb-ddr4-ram-512gb-nvme-ssd-amd-radeon-integrated-graphics-156-fhd-ips-display-silver-i1514421233.html
P0083,Dell 15 DC15250 (Intel Core i5-1334U | Intel UHD Graphics),dell 15 dc15250,Hukut,94999,94999,94999,0,1,Hukut,https://hukut.com/dell-15-dc-15250-intel-i5-13th-gen-intel-uhd-graphics
P0006,Acer Aspire Lite 16 54P-586N (13th Gen Intel Core i5-1334U | Intel UHD Graphics),acer aspire lite 16 54p 586n,Hukut,95999,95999,95999,0,1,Hukut,https://hukut.com/acer-aspire-lite-intel-core-i5-1334u
P0207,Lenovo V14 G4 2025 G4 AMN (AMD Ryzen 5 7520U | AMD Radeon 610M Graphics),lenovo v14 g4 2025 g4 amn,Hukut,96999,96999,96999,0,1,Hukut,https://hukut.com/lenovo-v14-g4-2025-ryzen-5-7520u-radeon-610m
P0053,"ASUS Vivobook 15X OLED X1503ZA - i3 1220P | 12th Gen | 8 GB RAM | 256 GB SSD | 15.6"" OLED | Fingerprint | Windows 11 | Quiet Blue | Backlit KB | Backpack | Mouse | 2 Year Int'l Warranty | 1 year Perfect Warranty - Nagmani International",asus vivobook 15x oled x1503za i3 1220p 12th gen ram ssd 15 6 oled fingerprint windows 11 quiet blue backlit kb backpack mouse 2 year int l 1 year perfect nagmani international,Daraz,98900,98900,98900,0,1,Daraz,https://www.daraz.com.np/products/asus-vivobook-15x-oled-x1503za-i3-1220p-12th-gen-8-gb-ram-256-gb-ssd-156-oled-fingerprint-windows-11-quiet-blue-backlit-kb-backpack-mouse-2-year-intl-warranty-1-year-perfect-warranty-nagmani-international-i500287355.html
P0004,Acer Aspire Lite 15 2025 (13th Gen Intel Core i5-13500H | Intel UHD Graphics),acer aspire lite 15 2025,Hukut,98999,98999,98999,0,1,Hukut,https://hukut.com/acer-aspire-lite-15-2025-13th-gen-core-i5-13500h-uhd
P0085,Dell Latitude 7440 2-in-1 Laptop | Intel Core i5 13th Gen | 16GB RAM 256GB SSD | 14” FHD Touch Display | Convertible Business Laptop/Dell Latitude 7440 2-in-1 i5 13th Gen | 16GB RAM 256GB SSD | 14” Touchscreen | Convertible Business Laptop,dell latitude 7440 2 in 1 laptop intel core i5 13th gen ram ssd 14 fhd touch display convertible business laptop dell latitude 7440 2 in 1 i5 13th gen ram ssd 14 touchscreen convertible business laptop,Daraz,99999,99999,99999,0,1,Daraz,https://www.daraz.com.np/products/dell-latitude-7440-2-in-1-laptop-intel-core-i5-13th-gen-16gb-ram-256gb-ssd-14-fhd-touch-display-convertible-business-laptopdell-latitude-7440-2-in-1-i5-13th-gen-16gb-ram-256gb-ssd-14-touchscreen-convertible-business-laptop-i1515850526.html
P0142,HP 15-FD0154WM Ultra 5 125H Processor (14th Gen) – 8GB DDR5 RAM – 512GB NVMe SSD – 15.6″ FHD Touchscreen Display – Intel Integrated Graphics – Windows 11 Home – Natural Silver,hp 15 fd0154wm ultra 5 125h processor ddr5 ram nvme ssd 15 6 fhd touchscreen display intel integrated graphics windows 11 home natural silver,Daraz,99999,99999,99999,0,1,Daraz,https://www.daraz.com.np/products/hp-15-fd0154wm-ultra-5-125h-processor-14th-gen-8gb-ddr5-ram-512gb-nvme-ssd-156-fhd-touchscreen-display-intel-integrated-graphics-windows-11-home-natural-silver-i1514320508.html
P0304,vivo V70,vivo v70,Hukut,102999,102999,102999,0,1,Hukut,https://hukut.com/vivo-v70
P0003,Acer Aspire Go AI 14 AG14-71M (Intel Core Ultra 5 115U | Intel Graphics),acer aspire go ai 14 ag14 71m,Hukut,102999,102999,102999,0,1,Hukut,https://hukut.com/acer-aspire-go-ai-14-ag14-71m-core-ultra-5-115u
P0087,DJI Goggles 3,dji goggles 3,Oliz,106000,106000,106000,0,1,Oliz,https://olizstore.com/products/dji-goggles-3-price-in-nepal
P0005,Acer Aspire Lite 15 AL15-61P-R8DJ (AMD Ryzen 5 8640HS   | 16GB RAM | 512GB SSD | AMD Radeon™ Graphics | 15.6 inch Display | 1 Year Warranty),acer aspire lite 15 al15 61p r8dj,Hukut,106999,106999,106999,0,1,Hukut,https://hukut.com/acer-aspire-lite-15-ryzen-5-8840hs-price-in-nepal
P0143,HP 15 Ryzen 7 7730U | 16GB RAM | 512GB SSD | AMD Radeon Graphics | 15.6″ FHD Touch Display | Silver |15-fc0057wm,hp 15 ryzen 7 7730u ram ssd amd radeon graphics 15 6 fhd touch display silver 15 fc0057wm,Daraz,108999,108999,108999,0,1,Daraz,https://www.daraz.com.np/products/hp-15-ryzen-7-7730u-16gb-ram-512gb-ssd-amd-radeon-graphics-156-fhd-touch-display-silver-15-fc0057wm-i1514697118.html
P0156,JBL PartyBox 520,jbl partybox 520,Oliz,109000,148000,128500,39000,2,Oliz,https://olizstore.com/products/jbl-partybox-520
P0040,Apple iPad Air 11-inch M3 Chip 7th Gen (2025),apple ipad air 11 inch m3 chip 7th gen,Hukut,109000,147000,128000,38000,2,Hukut,https://hukut.com/apple-11-inch-ipad-air-m3-chip
P0145,HP Pavilion 16 Ryzen 7 8840HS 8GB RAM 512GB SSD 16 Inch Laptop,hp pavilion 16 ryzen 7 8840hs ram ssd 16 inch laptop,Daraz,109999,109999,109999,0,1,Daraz,https://www.daraz.com.np/products/hp-pavilion-16-ryzen-7-8840hs-8gb-ram-512gb-ssd-16-inch-laptop-i511349978.html
P0052,ASUS Vivobook 14 X1404VA Core i7 1355U 12GB RAM 512GB SSD 14 inch FHD Laptop,asus vivobook 14 x1404va core i7 1355u ram ssd 14 inch fhd laptop,Daraz,110000,110000,110000,0,1,Daraz,https://www.daraz.com.np/products/asus-vivobook-14-x1404va-core-i7-1355u-12gb-ram-512gb-ssd-14-inch-fhd-laptop-i511326274.html
P0212,Marshall Heston 60,marshall heston 60,Oliz,110000,185000,147500,75000,2,Oliz,https://olizstore.com/products/marshall-heston-60
P0100,Dyson Purifier Cool Air Purifier PC2 De-NOx TP12,dyson purifier cool air purifier pc2 de nox tp12,Oliz,118500,118500,118500,0,1,Oliz,https://olizstore.com/products/dyson-purifier-cool-air-purifier-pc2-de-nox-tp12
P0054,ASUS VivoBook 16 M1607KA Ryzen AI 5 330 Processor – 16GB DDR5 RAM – 512GB NVMe Gen4 SSD – AMD Radeon Graphics – 16″ FHD+ Display – Copilot+ PC – Windows 11 Home – Quiet Blue,asus vivobook 16 m1607ka ryzen ai 5 330 processor ddr5 ram nvme gen4 ssd amd radeon graphics 16 fhd display copilot pc windows 11 home quiet blue,Daraz,118999,118999,118999,0,1,Daraz,https://www.daraz.com.np/products/asus-vivobook-16-m1607ka-ryzen-ai-5-330-processor-16gb-ddr5-ram-512gb-nvme-gen4-ssd-amd-radeon-graphics-16-fhd-display-copilot-pc-windows-11-home-quiet-blue-i1514708054.html
P0042,Apple iPhone 15,apple iphone 15,Hukut,119499,132499,125999,13000,2,"Hukut, Oliz",https://hukut.com/iphone-15-price-in-nepal
P0047,Apple | MacBook Neo (13-Inch) 8GB/256GB - EvoStore,apple macbook neo evostore,Daraz,121000,121000,121000,0,1,Daraz,https://www.daraz.com.np/products/apple-macbook-neo-13-inch-8gb256gb-evostore-i1515429883.html
P0089,DJI Lito X1 Fly More Combo Plus with RC 2 Remote,dji lito x1 fly more combo plus with rc 2 remote,Oliz,123000,123000,123000,0,1,Oliz,https://olizstore.com/products/dji-lito-x1-drone-fly-more-combo-plus-with-rc-2-remote
P0043,Apple iPhone 15 - EvoStore,apple iphone 15 evostore,Daraz,127499,127499,127499,0,1,Daraz,https://www.daraz.com.np/products/apple-iphone-15-evostore-dual-camera-dual-sim-new-battery-and-free-gift-charger-i128302992.html
P0251,Seiko Prospex Land SPB155,seiko prospex land spb155,Oliz,130000,130000,130000,0,1,Oliz,https://olizstore.com/products/seiko-prospex-land-spb155
P0248,Seiko Prospex Alpinist SBDC211,seiko prospex alpinist sbdc211,Oliz,135000,150000,142500,15000,2,Oliz,https://olizstore.com/products/seiko-prospex-alpinist-sbdc211
P0104,Dyson V12s Detect Slim Submarine™ HEPA (Yellow/Nickel),dyson v12s detect slim submarine hepa,Oliz,137300,137300,137300,0,1,Oliz,https://olizstore.com/products/dyson-v12s-detect-slim-submarinetm-hepa-(yellownickel)
P0268,Tissot Gentleman 40mm T127.407.11.041.00,tissot gentleman 40mm t127 407 11 041 00,Oliz,138000,138000,138000,0,2,Oliz,https://olizstore.com/products/tissot-gentleman-40mm-t127.407.11.041.00
P0134,Hollyland Solidcom SE 6S 6-Person,hollyland solidcom se 6s 6 person,Oliz,140000,140000,140000,0,1,Oliz,https://olizstore.com/products/hollyland-solidcom-se-6s-6-person
P0046,Apple MacBook Neo 2026 (Apple A18 Pro),apple macbook neo 2026,Hukut,140500,140500,140500,0,1,Hukut,https://hukut.com/apple-macbook-neo-2026
P0250,Seiko Prospex Divers Set SBDC209,seiko prospex divers set sbdc209,Oliz,145000,145000,145000,0,1,Oliz,https://olizstore.com/products/seiko-prospex-divers-set-sbdc209
P0215,MOVA Diver A10 Robotic Pool Cleaner,mova diver a10 robotic pool cleaner,Oliz,145000,145000,145000,0,1,Oliz,https://olizstore.com/products/mova-diver-a10-robotic-pool-cleaner-price-in-nepal
P0099,Dyson Purifier Big+Quiet Formaldehyde BP04,dyson purifier big quiet formaldehyde bp04,Oliz,168000,168000,168000,0,1,Oliz,https://olizstore.com/products/dyson-purifier-big+quiet-formaldehyde-bp04
P0221,OnePlus 15 | 16GB+512GB | Sand Storm | Snapdragon® 8 Elite Gen 5 | 7300mAh Battery | Personalized AI | Game-Changing 165Hz Display | Triple 50MP Camera with 4K 120fps Dolby Vision,oneplus 15 sand storm snapdragon 8 elite gen 5 7300mah battery personalized ai game changing 165hz display triple 50mp camera with 4k 120fps dolby vision,Daraz,169999,169999,169999,0,1,Daraz,https://www.daraz.com.np/products/oneplus-15-16gb512gb-sand-storm-snapdragon-8-elite-gen-5-7300mah-battery-personalized-ai-game-changing-165hz-display-triple-50mp-camera-with-4k-120fps-dolby-vision-i505325524.html
P0008,Acer Swift 16 AI Core Ultra 7 Series 2 256V | 16GB Memory | 1TB SSD | 16″ 3K OLED Touch Laptop | Copilot+ PC | Ice Black,acer swift 16 ai core ultra 7 series 2 256v memory ssd 16 3k oled touch laptop copilot pc ice black,Daraz,169999,169999,169999,0,1,Daraz,https://www.daraz.com.np/products/acer-swift-16-ai-core-ultra-7-series-2-256v-16gb-memory-1tb-ssd-16-3k-oled-touch-laptop-copilot-pc-ice-black-i1514731203.html
P0041,Apple iPad Pro M4 (2024),apple ipad pro m4,Hukut,170000,170000,170000,0,1,Hukut,https://hukut.com/apple-ipad-pro-m4-price-in-nepal
P0252,Seiko Prospex Sea Limited Edition SPB539,seiko prospex sea limited edition spb539,Oliz,180000,180000,180000,0,1,Oliz,https://olizstore.com/products/seiko-prospex-sea-limited-edition-spb539
P0211,Marshall Bromley 750,marshall bromley 750,Oliz,185000,185000,185000,0,1,Oliz,https://olizstore.com/products/marshall-bromley-750
P0311,Xiaomi 17 Ultra,xiaomi 17 ultra,Hukut,199999,199999,199999,0,1,Hukut,https://hukut.com/xiaomi-17-ultra
P0249,Seiko Prospex Diver Scuba PADI Special Edition SBDY135,seiko prospex diver scuba padi special edition sbdy135,Oliz,200000,200000,200000,0,1,Oliz,https://olizstore.com/products/seiko-prospex-diver-scuba-padi-special-edition-sbdy135
P0097,DJI ROMO P (Water Tank Version),dji romo p,Oliz,218500,218500,218500,0,1,Oliz,https://olizstore.com/products/dji-romo-p-(water-tank-version)
P0007,Acer Nitro V 16S AI 2025 ANV16S-71-7771 (Intel Core 7 240H | RTX 5060 Graphics),acer nitro v 16s ai 2025 anv16s 71 7771,Hukut,229999,229999,229999,0,1,Hukut,https://hukut.com/acer-nitro-v-16s-ai-2025-intel-core-7-240H-rtx-5060
P0044,Apple iPhone 17 Pro Max,apple iphone 17 pro max,Hukut,247999,247999,247999,0,1,Hukut,https://hukut.com/apple-iphone-17-pro-max
P0045,Apple iPhone 17 Pro Max - EvoStore,apple iphone 17 pro max evostore,Daraz,257999,257999,257999,0,1,Daraz,https://www.daraz.com.np/products/apple-iphone-17-pro-max-evostore-i495543885.html
P0206,Lenovo ThinkPad P14s Gen 6 Ryzen AI 9 HX PRO 370 | 64GB DDR5 | 1TB SSD | 14’’ WUXGA 500 nits 100% sRGB | Wifi 7 | Win 11 Pro,lenovo thinkpad p14s gen 6 ryzen ai 9 hx pro 370 ddr5 ssd 14 wuxga 500 nits 100 srgb wifi 7 win 11 pro,Daraz,329999,329999,329999,0,1,Daraz,https://www.daraz.com.np/products/lenovo-thinkpad-p14s-gen-6-ryzen-ai-9-hx-pro-370-64gb-ddr5-1tb-ssd-14-wuxga-500-nits-100-srgb-wifi-7-win-11-pro-i1514690206.html
P0216,MOVA Rover X10 Robotic Pool Cleaner,mova rover x10 robotic pool cleaner,Oliz,485000,485000,485000,0,1,Oliz,https://olizstore.com/products/mova-rover-x10-robotic-pool-cleaner-price-in-nepal
P0091,DJI Matrice 4E (Universal Edition),dji matrice 4e,Oliz,950000,950000,950000,0,1,Oliz,https://olizstore.com/products/dji-matrice-4e-(universal-edition)
P0092,DJI Matrice 4T Drone (Basic Pack),dji matrice 4t drone,Oliz,1150000,1150000,1150000,0,1,Oliz,https://olizstore.com/products/dji-matrice-4t-drone-basic-pack
P0056,"ASUS Vivobook Go 15 E1504FA (Ryzen 3 30, AMD Radeon Graphics)",asus vivobook go 15 e1504fa,Hukut,151504330,151504330,151504330,0,1,Hukut,https://hukut.com/asus-vivobook-go-15-ryzen-3-30-amd-radeon-graphics
P0001,"Acer Aspire 14 2025 ( Intel Core 5 210H, 16GB RAM, 512GB SSD, 14Inch WUXGA IPS Display, Backlit Keyboard, Intel Graphics)",acer aspire 14 2025,Hukut,14202552101651214,14202552101651214,14202552101651214,0,1,Hukut,https://hukut.com/acer-aspire-14-intel-core-5-210h-intel-graphics
