product_name,price,marketplace,search_term,link,scraped_at
Yeelight Arwen Ceiling Light 500D,Rs 0,Oliz,all-products,https://olizstore.com/products/yeelight-arwen-ceiling-light-500d-price-in-nepal,2026-07-06 23:32:37
Yeelight Cube 4-Matrix Pack,Rs 0,Oliz,all-products,https://olizstore.com/products/yeelight-cube-4-matrix-pack-price-in-nepal,2026-07-06 23:32:37
Yeelight Pura Reading Desk Lamp,Rs 0,Oliz,all-products,https://olizstore.com/products/yeelight-pura-reading-desk-lamp-price-in-nepal,2026-07-06 23:32:37
Yeelight Pura Monitor Light Bar,Rs 0,Oliz,all-products,https://olizstore.com/products/yeelight-pura-monitor-light-bar-price-in-nepal,2026-07-06 23:32:37
Yeelight Crystal Pendant Light (ERP),Rs 0,Oliz,all-products,https://olizstore.com/products/yeelight-crystal-pendant-light-(erp)-price-in-nepal,2026-07-06 23:32:37
Yeelight LED Folding Desk Lamp Z1 Pro,Rs 0,Oliz,all-products,https://olizstore.com/products/yeelight-led-folding-desk-lamp-z1-pro-price-in-nepal,2026-07-06 23:32:37
Yeelight Beam RGBIC Light Bar-Dual Pack,Rs 0,Oliz,all-products,https://olizstore.com/products/yeelight-beam-rgbic-light-bar-dual-pack-price-in-nepal,2026-07-06 23:32:37
Samsung 60W Power Adapter,Rs 5999,Oliz,all-products,https://olizstore.com/products/samsung-60-w-power-adapter-price-in-nepal,2026-07-06 23:32:37
Yeelight 4-in-1 Rechargeable Desk Lamp,Rs 0,Oliz,all-products,https://olizstore.com/products/yeelight-4-in-1-rechargeable-desk-lamp-price-in-nepal,2026-07-06 23:32:37
Yeelight Cube Smart Lamp - Matrix Extension WiFi,Rs 0,Oliz,all-products,https://olizstore.com/products/yeelight-cube-smart-lamp-matrix-extension-wifi-price-in-nepal,2026-07-06 23:32:37
Yeelight Cube Smart Lamp - Panel Extension WiFi,Rs 0,Oliz,all-products,https://olizstore.com/products/yeelight-cube-smart-lamp-panel-extension-wifi,2026-07-06 23:32:37
Samsung Galaxy S25 FE,Rs 107999,Oliz,all-products,https://olizstore.com/products/samsung-galaxy-s25-fe-price-in-nepal-1pt,2026-07-06 23:32:37
Yeelight Cube Smart Lamp - Spot Extension Wifi,Rs 0,Oliz,all-products,https://olizstore.com/products/yeelight-cube-smart-lamp-spot-extension-wifi-price-in-nepal,2026-07-06 23:32:37
Citizen Tsuyosa NJ0152-51X Green Dial Automatic Watch,Rs 68500,Oliz,all-products,https://olizstore.com/products/citizen-tsuyosa-nj0152-51x-green-dial-automatic-watch,2026-07-06 23:32:37
Citizen Tsuyosa NJ0150-56W Red Dial Automatic Watch,Rs 65900,Oliz,all-products,https://olizstore.com/products/citizen-tsuyosa-nj0150-56w-red-dial-automatic-watch,2026-07-06 23:32:37
Yeelight Candela Lamp,Rs 0,Oliz,all-products,https://olizstore.com/products/yeelight-candela-lamp-price-in-nepal,2026-07-06 23:32:37
Seiko 5 Sports SRPD51K1 Automatic Men's Watch,Rs 61300,Oliz,all-products,https://olizstore.com/products/seiko-5-sports-srpd51k1-automatic-men's-watch,2026-07-06 23:32:37
Seiko 5 Sports SRPD63 Automatic Men's Watch,Rs 60000,Oliz,all-products,https://olizstore.com/products/seiko-5-sports-srpd63-automatic-men's-watch,2026-07-06 23:32:37
Seiko SMGG17 Rotocall Re-Interpretation Quartz Men's Watch,Rs 91700,Oliz,all-products,https://olizstore.com/products/seiko-smgg17-rotocall-re-interpretation-quartz-men's-watch,2026-07-06 23:32:37
Yeelight Led Neck Book Light,Rs 0,Oliz,all-products,https://olizstore.com/products/yeelight-led-neck-book-light-price-in-nepal,2026-07-06 23:32:37
Seiko 5 Sports SKX Series SSK033 GMT Automatic Men's Watch,Rs 94000,Oliz,all-products,https://olizstore.com/products/seiko-5-sports-skx-series-ssk033-gmt-automatic-men's-watch,2026-07-06 23:32:37
Seiko 5 Sports SSK003K1 \,Rs 86000,Oliz,all-products,https://olizstore.com/products/seiko-5-sports-ssk003k1-\,2026-07-06 23:32:37
Seiko 5 Sports SRPK35K1 Automatic Men's Watch,Rs 60000,Oliz,all-products,https://olizstore.com/products/seiko-5-sports-srpk35k1-automatic-men's-watch,2026-07-06 23:32:37
Seiko 5 Sports SKX Series SRPK33K1 Automatic Men's Watch,Rs 60000,Oliz,all-products,https://olizstore.com/products/seiko-5-sports-skx-series-srpk33k1-automatic-men's-watch,2026-07-06 23:32:37
Seiko 5 Sports SKX Series SRPK29K1 Automatic Men's Watch,Rs 60000,Oliz,all-products,https://olizstore.com/products/seiko-5-sports-skx-series-srpk29k1-automatic-men's-watch,2026-07-06 23:32:37
Seiko 5 Sports SKX Series SRPK31K1 Automatic Men's Watch,Rs 60000,Oliz,all-products,https://olizstore.com/products/seiko-5-sports-skx-series-srpk31k1-automatic-men's-watch,2026-07-06 23:32:37
Citizen BM8560-29EC Eco-Drive Super Titanium™ Men's Watch,Rs 67000,Oliz,all-products,https://olizstore.com/products/citizen-bm8560-29ec-eco-drive-super-titaniumtm-men's-watch,2026-07-06 23:32:37
Citizen AN3700-54E Quartz Chronograph Men's Watch,Rs 64500,Oliz,all-products,https://olizstore.com/products/citizen-an3700-54e-quartz-chronograph-men's-watch,2026-07-06 23:32:37
Seiko 5 Sports SKX Series SRPL79 Automatic Men's Watch,Rs 63000,Oliz,all-products,https://olizstore.com/products/seiko-5-sports-skx-series-srpl79-automatic-men's-watch,2026-07-06 23:32:37
Citizen NJ0240-55E Automatic Men's Watch,Rs 56500,Oliz,all-products,https://olizstore.com/products/citizen-nj0240-55e-automatic-men's-watch,2026-07-06 23:32:37
Citizen NJ0240-55X Automatic Men's Watch,Rs 58500,Oliz,all-products,https://olizstore.com/products/citizen-nj0240-55x-automatic-men's-watch,2026-07-06 23:32:37
Citizen NJ0240-55A Automatic Men's Watch,Rs 56500,Oliz,all-products,https://olizstore.com/products/citizen-nj0240-55a-automatic-men's-watch,2026-07-06 23:32:37
Citizen Kii EG2790-12A Eco-Drive Ladies Watch,Rs 58500,Oliz,all-products,https://olizstore.com/products/citizen-kii-eg2790-12a-eco-drive-ladies-watch,2026-07-06 23:32:37
Seiko 5 Sports SRPD85K1 Automatic Men's Watch,Rs 55600,Oliz,all-products,https://olizstore.com/products/seiko-5-sports-srpd85k1-automatic-men's-watch,2026-07-06 23:32:37
Citizen NH8391-51A Automatic Watch,Rs 67000,Oliz,all-products,https://olizstore.com/products/citizen-nh8391-51a-automatic-watch,2026-07-06 23:32:37
Citizen AN8234-58X Men's Quartz Chronograph Watch,Rs 42000,Oliz,all-products,https://olizstore.com/products/citizen-an8234-58x-men's-quartz-chronograph-watch,2026-07-06 23:32:37
Seiko Spirit SBTR017 Men's Chronograph Watch,Rs 38000,Oliz,all-products,https://olizstore.com/products/seiko-spirit-sbtr017-men's-chronograph-watch,2026-07-06 23:32:37
Seiko Spirit SBTR021 Men's Chronograph Watch,Rs 38000,Oliz,all-products,https://olizstore.com/products/seiko-spirit-sbtr021-men's-chronograph-watch,2026-07-06 23:32:37
Seiko Spirit SBTR019 Men's Chronograph Watch,Rs 38000,Oliz,all-products,https://olizstore.com/products/seiko-spirit-sbtr019-men's-chronograph-watch,2026-07-06 23:32:37
Insta360 X5 Starter Bundle,Rs 104000,Oliz,all-products,https://olizstore.com/products/insta360-x5-starter-bundle-price-in-nepal,2026-07-06 23:32:37
Levoit Core® Mini-P Air Purifier Replacement Filter,Rs 0,Oliz,all-products,https://olizstore.com/products/levoit-core(r)-mini-p-air-purifier-replacement-filter-price-in-nepal,2026-07-06 23:32:37
Levoit Windi Mini Portable Desk Tower Fan,Rs 13500,Oliz,all-products,https://olizstore.com/products/levoit-windi-mini-portable-desk-tower-fan-price-in-nepal,2026-07-06 23:32:37
Levoit Windi Mini Pro Portable Desk Tower Fan,Rs 20500,Oliz,all-products,https://olizstore.com/products/levoit-windi-mini-pro-portable-desk-tower-fan,2026-07-06 23:32:37
Yeelight Pura Monitor Light Bar Pro,Rs 0,Oliz,all-products,https://olizstore.com/products/yeelight-pura-monitor-light-bar-pro-price-in-nepal,2026-07-06 23:32:37
Aqara LED Bulb T2,Rs 0,Oliz,all-products,https://olizstore.com/products/aqara-led-bulb-t2-price-in-nepal,2026-07-06 23:32:37
Aqara Motion and Light Sensor P2 Thread,Rs 0,Oliz,all-products,https://olizstore.com/products/aqara-motion-and-light-sensor-p2-thread-price-in-nepal,2026-07-06 23:32:37
Aqara Door and Window Sensor T1,Rs 0,Oliz,all-products,https://olizstore.com/products/aqara-door-and-window-sensor-t1-price-in-nepal,2026-07-06 23:32:37
Aqara Multi-State Sensor P100,Rs 0,Oliz,all-products,https://olizstore.com/products/aqara-multi-state-sensor-p100-price-in-nepal,2026-07-06 23:32:37
Aqara Motion Sensor P1,Rs 0,Oliz,all-products,https://olizstore.com/products/aqara-motion-sensor-p1-price-in-nepal,2026-07-06 23:32:37
Aqara Presence Multi-Sensor FP300,Rs 0,Oliz,all-products,https://olizstore.com/products/aqara-presence-multi-sensor-fp300-price-in-nepal,2026-07-06 23:32:37
DJI Osmo Action 4 Standard Combo,Rs 40500,Oliz,all-products,https://olizstore.com/products/dji-osmo-action-4-standard-combo,2026-07-06 23:32:37
Aqara Smart Gas Detector,Rs 0,Oliz,all-products,https://olizstore.com/products/aqara-smart-gas-detector,2026-07-06 23:32:37
Aqara Smart Smoke Detector,Rs 0,Oliz,all-products,https://olizstore.com/products/aqara-smart-smoke-detector-price-in-nepal,2026-07-06 23:32:37
Aqara Camera G100,Rs 0,Oliz,all-products,https://olizstore.com/products/aqara-camera-g100-price-in-nepal,2026-07-06 23:32:37
Aqara Camera E1,Rs 0,Oliz,all-products,https://olizstore.com/products/aqara-camera-e1-price-in-nepal,2026-07-06 23:32:37
Aqara Camera Hub G2H Pro,Rs 0,Oliz,all-products,https://olizstore.com/products/aqara-camera-hub-g2h-pro-price-in-nepal,2026-07-06 23:32:37
Aqara Camera Hub G3 EU,Rs 0,Oliz,all-products,https://olizstore.com/products/aqara-camera-hub-g3-eu,2026-07-06 23:32:37
Aqara Camera Hub G350,Rs 0,Oliz,all-products,https://olizstore.com/products/aqara-camera-hub-g350-price-in-nepal,2026-07-06 23:32:37
Aqara NFC Card for Smart Door Lock,Rs 0,Oliz,all-products,https://olizstore.com/products/aqara-nfc-card-for-smart-door-lock-price-in-nepal,2026-07-06 23:32:37
Aqara Smart Door Lock A100,Rs 0,Oliz,all-products,https://olizstore.com/products/aqara-smart-door-lock-a100-price-in-nepal,2026-07-06 23:32:37
Aqara Smart Lock U400 Kit,Rs 0,Oliz,all-products,https://olizstore.com/products/aqara-smart-lock-u400-kit-price-in-nepal,2026-07-06 23:32:37
Aqara Smart Lock U300,Rs 0,Oliz,all-products,https://olizstore.com/products/aqara-smart-lock-u300-price-in-nepal,2026-07-06 23:32:37
Aqara Smart Lock U50,Rs 0,Oliz,all-products,https://olizstore.com/products/aqara-smart-lock-u50,2026-07-06 23:32:37
Aqara Doorbell Camera Hub G410,Rs 0,Oliz,all-products,https://olizstore.com/products/aqara-doorbell-camera-hub-g410,2026-07-06 23:32:37
Aqara Hub M1S Gen 2,Rs 0,Oliz,all-products,https://olizstore.com/products/aqara-hub-m1s-gen-2,2026-07-06 23:32:37
Aqara Hub M100,Rs 0,Oliz,all-products,https://olizstore.com/products/aqara-hub-m100,2026-07-06 23:32:37
Aqara Hub M3,Rs 0,Oliz,all-products,https://olizstore.com/products/aqara-hub-m3,2026-07-06 23:32:37
Aqara Hub M200,Rs 0,Oliz,all-products,https://olizstore.com/products/aqara-hub-m200,2026-07-06 23:32:37
Aoking Antitheft Laptop Bag (Unisex) | XN4060-5,Rs 4625,Oliz,all-products,https://olizstore.com/products/aoking-antitheft-laptop-bag-(unisex)-or-xn4060-5-price-in-nepal,2026-07-06 23:32:37
Aoking Casual Laptop Bag (Unisex) | XN2686,Rs 4190,Oliz,all-products,https://olizstore.com/products/aoking-casual-laptop-bag-(unisex)-or-xn2686-price-in-nepal,2026-07-06 23:32:37
Aoking Casual Laptop Bag (Unisex) | XN3566-5,Rs 4190,Oliz,all-products,https://olizstore.com/products/aoking-casual-laptop-bag-(unisex)-or-xn3566-5-price-in-nepal,2026-07-06 23:32:37
Aoking Casual Laptop Bag (Unisex) | XN3517,Rs 2325,Oliz,all-products,https://olizstore.com/products/aoking-casual-laptop-bag-(unisex)-or-xn3517-price-in-nepal,2026-07-06 23:32:37
Aoking Casual Backpack (Unisex) with Laptop Compartment | XN3352,Rs 6990,Oliz,all-products,https://olizstore.com/products/aoking-casual-backpack-(unisex)-with-laptop-compartment-or-xn3352-price-in-nepal,2026-07-06 23:32:37
Aoking XN58398F Extra Security LightGuard Laptop Bag,Rs 5990,Oliz,all-products,https://olizstore.com/products/aoking-xn58398f-extra-security-lightguard-laptop-bag-price-in-nepal,2026-07-06 23:32:37
Aoking LightGuard Backpack (Unisex) with Laptop compartment | SN41383F,Rs 8125,Oliz,all-products,https://olizstore.com/products/aoking-lightguard-backpack-(unisex)-with-laptop-compartment-or-sn41383f-price-in-nepal,2026-07-06 23:32:37
Aoking Laptop Bag | XN41457F,Rs 6990,Oliz,all-products,https://olizstore.com/products/aoking-laptop-bag-or-xn41457f-price-in-nepal,2026-07-06 23:32:37
Aoking Casual Backpack with Laptop Compartment | H97068,Rs 3025,Oliz,all-products,https://olizstore.com/products/aoking-casual-backpack-with-laptop-compartment-or-h97068-price-in-nepal,2026-07-06 23:32:37
Aoking Casual Backpack (Unisex) | Laptop compartment  | XN3370,Rs 6290,Oliz,all-products,https://olizstore.com/products/aoking-casual-backpack-(unisex)-or-laptop-compartment-or-xn3370-price-in-nepal,2026-07-06 23:32:37
Aoking Business Backpack (Unisex) with Laptop compartment | SN67732-A,Rs 6990,Oliz,all-products,https://olizstore.com/products/aoking-business-backpack-(unisex)-with-laptop-compartment-or-sn67732-a-price-in-nepal,2026-07-06 23:32:37
Aoking  Business Bag (Unisex) | Laptop compartment | FN77170,Rs 4625,Oliz,all-products,https://olizstore.com/products/aoking-business-bag-(unisex)-laptop-compartment-or-fn77170-price-in-nepal,2026-07-06 23:32:37
Aoking  Business Backpack | Laptop compartment | USB charging port | SN77880A,Rs 6690,Oliz,all-products,https://olizstore.com/products/aoking-business-backpack-or-laptop-compartment-or-usb-charging-port-or-sn77880a-price-in-nepal,2026-07-06 23:32:37
Aoking Laptop Backpack (Unisex) | USB charging port | SN97095,Rs 6290,Oliz,all-products,https://olizstore.com/products/aoking-laptop-backpack-(unisex)-or-usb-charging-port-or-sn97095-price-in-nepal,2026-07-06 23:32:37
Aoking Backpack | Laptop compartment USB charging port | SN2119,Rs 6290,Oliz,all-products,https://olizstore.com/products/aoking-backpack-or-laptop-compartment-usb-charging-port-or-sn2119-price-in-nepal,2026-07-06 23:32:37
Aoking Backpack (Unisex) | Laptop Compartment | External USB Charging Port | SN2117,Rs 5590,Oliz,all-products,https://olizstore.com/products/aoking-backpack-(unisex)-or-laptop-compartment-or-external-usb-charging-port-or-sn2117-price-in-nepal,2026-07-06 23:32:37
Aoking Business Backpack (Unisex) | Laptop Compartment | SN2115,Rs 4625,Oliz,all-products,https://olizstore.com/products/aoking-business-backpack-(unisex)-or-laptop-compartment-or-sn2115-price-in-nepal,2026-07-06 23:32:37
Aoking  Business Backpack (Unisex) | Laptop compartment | SN2107-6,Rs 3925,Oliz,all-products,https://olizstore.com/products/aoking-business-backpack-(unisex)-or-laptop-compartment-or-sn2107-6-price-in-nepal,2026-07-06 23:32:37
Aoking Bag (Unisex) | Laptop compartment | SN2105-12,Rs 3925,Oliz,all-products,https://olizstore.com/products/aoking-bag-(unisex)-or-laptop-compartment-or-sn2105-12-price-in-nepal,2026-07-06 23:32:37
Aoking Laptop Bag (Unisex) with External USB charging port | SNX6082,Rs 5590,Oliz,all-products,https://olizstore.com/products/aoking-laptop-bag-(unisex)-with-external-usb-charging-port-or-snx6082-price-in-nepal,2026-07-06 23:32:37
Aoking Business Backpack| Laptop compartment | SN2671,Rs 5590,Oliz,all-products,https://olizstore.com/products/aoking-business-backpackor-laptop-compartment-or-sn2671-price-in-nepal,2026-07-06 23:32:37
K\u0026F Concept DJI OSMO Pocket 3 Black Lanyard Price in Nepal,Rs 2000,Oliz,all-products,https://olizstore.com/products/kandf-concept-dji-osmo-pocket-3-black-lanyard-price-in-nepal,2026-07-06 23:32:37
K\u0026F Concept Sports Camera Helmet Chin Mount With 1/4 Turn Adapter Price in Nepal,Rs 1150,Oliz,all-products,https://olizstore.com/products/kandf-concept-sports-camera-helmet-chin-mount-with-14-turn-adapter-price-in-nepal,2026-07-06 23:32:37
K\u0026F Concept Sports Camera Accessory Kit With Adjustable Cord Magnetic Neck,Rs 3400,Oliz,all-products,https://olizstore.com/products/kandf-concept-sports-camera-accessory-kit-with-adjustable-cord-magnetic-neck-price-in-nepal,2026-07-06 23:32:37
Aoking Backpack | Laptop Compartment | USB charging port | SN2640 Price in Nepal,Rs 5590,Oliz,all-products,https://olizstore.com/products/aoking-backpack-or-laptop-compartment-or-usb-charging-port-or-sn2640-price-in-nepal,2026-07-06 23:32:37
Aoking  Backpack (Unisex) with Laptop Compartment and USB charging port | SN4005-5,Rs 5600,Oliz,all-products,https://olizstore.com/products/aoking-backpack-(unisex)-with-laptop-compartment-and-usb-charging-port-or-sn4005-5-price-in-nepal,2026-07-06 23:32:37
Aoking  Business Backpack with Laptop Compartment | SN4003-5,Rs 6690,Oliz,all-products,https://olizstore.com/products/aoking-business-backpack-with-laptop-compartment-or-sn4003-5-price-in-nepal,2026-07-06 23:32:37
Aoking  Business Backpack (Unisex) | SN4300-8,Rs 4590,Oliz,all-products,https://olizstore.com/products/aoking-business-backpack-(unisex)-or-sn4300-8-price-in-nepal,2026-07-06 23:32:37
Aoking  Business Backpack (Unisex) with Laptop Compartment | XN4337,Rs 3225,Oliz,all-products,https://olizstore.com/products/aoking-business-backpack-(unisex)-with-laptop-compartment-or-xn4337-price-in-nepal,2026-07-06 23:32:37
Aoking  Business Backpack (Unisex) | SN3537-W-6,Rs 2800,Oliz,all-products,https://olizstore.com/products/aoking-business-backpack-(unisex)-or-sn3537-w-6-price-in-nepal,2026-07-06 23:32:37
K\u0026F Concept DJI Action Camera filter,Rs 9900,Oliz,all-products,https://olizstore.com/products/kandf-concept-dji-action-camera-filter,2026-07-06 23:32:37
K\u0026F Concept DJI Osmo Pocket 3/4 Pocket Filter (Black Soft 1/4+ND16+ND64+ND256) 4-Piece Set,Rs 7950,Oliz,all-products,https://olizstore.com/products/kandf-concept-dji-osmo-pocket-34-pocket-filter-(black-soft-14+nd16+nd64+nd256)-4-piece-set,2026-07-06 23:32:37
K\u0026F Concept DJI OSMO Pocket 3/4 (Black Diffusion1/4+CPL\u0026ND2-32),Rs 4800,Oliz,all-products,https://olizstore.com/products/kandf-concept-dji-osmo-pocket-34-(black-diffusion14+cplandnd2-32),2026-07-06 23:32:37
K\u0026F Concept DJI OSMO Pocket 3/4 With Enlarging lens,Rs 6850,Oliz,all-products,https://olizstore.com/products/kandf-concept-dji-osmo-pocket-34-with-enlarging-lens,2026-07-06 23:32:37
K\u0026F Concept DJI OSMO Pocket 3/4 (CPL+Black Diffusion1/4+ND2-32),Rs 8100,Oliz,all-products,https://olizstore.com/products/kandf-concept-dji-osmo-pocket-34-cpl+black-diffusion14+nd2-32,2026-07-06 23:32:37
K\u0026F Concept DJI OSMO ACTION 6 Cage Tempered Glass Screen Protector,Rs 8100,Oliz,all-products,https://olizstore.com/products/kandf-concept-dji-osmo-action-6-cage-tempered-glass-screen-protector,2026-07-06 23:32:37
K\u0026F Concept 65cm Gray Neck Mount Including Fixing Screws,Rs 4750,Oliz,all-products,https://olizstore.com/products/kandf-concept-65cm-gray-neck-mount-including-fixing-screws,2026-07-06 23:32:37
K\u0026F Concept DJI OSMO Pocket 4 Protective Case with 4 filter slots Price in Nepal,Rs 2250,Oliz,all-products,https://olizstore.com/products/kandf-concept-dji-osmo-pocket-4-protective-case-with-4-filter-slots-price-in-nepal,2026-07-06 23:32:37
Aoking Business Backpack (Unisex) with Laptop Compartment | SN3535-W-6,Rs 2800,Oliz,all-products,https://olizstore.com/products/aoking-business-backpack-(unisex)-with-laptop-compartment-or-sn3535-w-6,2026-07-06 23:32:37
Aoking Business Backpack (Unisex) with Laptop Compartment | SN4318,Rs 3225,Oliz,all-products,https://olizstore.com/products/aoking-business-backpack-(unisex)-with-laptop-compartment-or-sn4318,2026-07-06 23:32:37
Aoking Casual Backpack (Unisex) with Laptop Compartment for Everyday Use | SN4327-5,Rs 3225,Oliz,all-products,https://olizstore.com/products/aoking-casual-backpack-(unisex)-with-laptop-compartment-for-everyday-use-or-sn4327-5,2026-07-06 23:32:37
Aoking Business Backpack (Unisex) with Laptop Compartment | SN4477-W-6,Rs 2800,Oliz,all-products,https://olizstore.com/products/aoking-business-backpack-(unisex)-with-laptop-compartment-or-sn4477-w-6,2026-07-06 23:32:37
JBL STAGE 260C 2-WAY 6.5 INCH IN-CEILING LOUDSPEAKER,Rs 0,Oliz,all-products,https://olizstore.com/products/jbl-stage-260c-2-way-6.5-inch-in-ceiling-loudspeaker,2026-07-06 23:32:37
JBL STAGE 280W 2-WAY 8 INCH WOOFER IN-WALL LOUDSPEAKER,Rs 0,Oliz,all-products,https://olizstore.com/products/jbl-stage-280w-2-way-8-inch-woofer-in-wall-loudspeaker,2026-07-06 23:32:37
JBL STAGE 250WL 2-WAY DUAL 5.25 INCH IN-WALL LOUDSPEAKER,Rs 0,Oliz,all-products,https://olizstore.com/products/jbl-stage-250wl-2-way-dual-5.25-inch-in-wall-loudspeaker,2026-07-06 23:32:37
JBL Go 5,Rs 9000,Oliz,all-products,https://olizstore.com/products/jbl-go-5,2026-07-06 23:32:37
Pitaka Sunset 2.0 – California Dream 02 Edge Case for iPhone 17 Pro Max,Rs 9000,Oliz,all-products,https://olizstore.com/products/pitaka-sunset-2.0-california-dream-02-edge-case-for-iphone-17-pro-max,2026-07-06 23:32:37
PITAKA × MÜNN Flora in Grid Edge Case (Cloud Dusk) for iPhone 17 Pro Max,Rs 9000,Oliz,all-products,https://olizstore.com/products/pitaka-munn-flora-in-grid-edge-case-(cloud-dusk)-for-iphone-17-pro-max,2026-07-06 23:32:37
PITAKA Monogram Edge Case – Leaping for iPhone 17 Pro Max (Orange Black),Rs 9000,Oliz,all-products,https://olizstore.com/products/pitaka-monogram-edge-case-leaping-for-iphone-17-pro-max-(orange-black),2026-07-06 23:32:37
Hiroia GO 50 Titanium Grinder,Rs 0,Oliz,all-products,https://olizstore.com/products/hiroia-go-50-titanium-grinder,2026-07-06 23:32:37
Hiroia Edge Mini+ Grinder,Rs 0,Oliz,all-products,https://olizstore.com/products/hiroia-edge-mini+-grinder,2026-07-06 23:32:37
DJI Goggles 3,Rs 106000,Oliz,all-products,https://olizstore.com/products/dji-goggles-3-price-in-nepal,2026-07-06 23:32:37
Hiroia x Starseeker Edge Titanium Grinder,Rs 0,Oliz,all-products,https://olizstore.com/products/hiroia-x-starseeker-edge-titanium-grinder,2026-07-06 23:32:37
Hiroia Jimmy Smart Coffee Scale,Rs 0,Oliz,all-products,https://olizstore.com/products/hiroia-jimmy-smart-coffee-scale,2026-07-06 23:32:37
Hiroia Samantha Smart Brewer,Rs 0,Oliz,all-products,https://olizstore.com/products/hiroia-samantha-smart-brewer,2026-07-06 23:32:37
Hiroia Hikaru Smart Brewer,Rs 0,Oliz,all-products,https://olizstore.com/products/hiroia-hikaru-smart-brewer,2026-07-06 23:32:37
MOVA Diver A10 Robotic Pool Cleaner,Rs 145000,Oliz,all-products,https://olizstore.com/products/mova-diver-a10-robotic-pool-cleaner-price-in-nepal,2026-07-06 23:32:37
MOVA Rover X10 Robotic Pool Cleaner,Rs 485000,Oliz,all-products,https://olizstore.com/products/mova-rover-x10-robotic-pool-cleaner-price-in-nepal,2026-07-06 23:32:37
JBL PartyBox Encore Essential 2,Rs 57500,Oliz,all-products,https://olizstore.com/products/jbl-partybox-encore-essential-2-price-in-nepal,2026-07-06 23:32:37
DJI Matrice 4T Drone (Basic Pack),Rs 1150000,Oliz,all-products,https://olizstore.com/products/dji-matrice-4t-drone-basic-pack,2026-07-06 23:32:37
DJI Matrice 4E (Universal Edition),Rs 950000,Oliz,all-products,https://olizstore.com/products/dji-matrice-4e-(universal-edition),2026-07-06 23:32:37
Dyson V12s Detect Slim Submarine™ HEPA (Yellow/Nickel),Rs 137300,Oliz,all-products,https://olizstore.com/products/dyson-v12s-detect-slim-submarinetm-hepa-(yellownickel),2026-07-06 23:32:37
K\u0026F Concept Effect Lens \u0026 ND Filter Kit for DJI Osmo Pocket 4/3,Rs 21900,Oliz,all-products,https://olizstore.com/products/kandf-concept-effect-lens-and-nd-filter-kit-for-dji-osmo-pocket-43,2026-07-06 23:32:37
K\u0026F Concept Nano-Adhesive Vacuum Suction Cup Magnetic Phone Mount,Rs 3850,Oliz,all-products,https://olizstore.com/products/kandf-nano-adhesive-vacuum-suction-cup-magnetic-phone-mount,2026-07-06 23:32:37
Dyson Supersonic™ Hair Dryer HD08,Rs 85000,Oliz,all-products,https://olizstore.com/products/dyson-supersonictm-hair-dryer-hd08,2026-07-06 23:32:37
K\u0026F Concept Windshield Mount Clamp,Rs 2850,Oliz,all-products,https://olizstore.com/products/kandf-concept-windshield-mount-clamp,2026-07-06 23:32:37
K\u0026F Concept Sports Camera Wearable Accessory Set,Rs 2400,Oliz,all-products,https://olizstore.com/products/kandf-concept-sports-camera-wearable-accessory-set,2026-07-06 23:32:37
K\u0026F Concept Sports Camera Wearable Accessories Big Set,Rs 4200,Oliz,all-products,https://olizstore.com/products/kandf-concept-sports-camera-wearable-accessories-big-set,2026-07-06 23:32:37
Dyson Supersonic™ Origin Hair Dryer,Rs 85000,Oliz,all-products,https://olizstore.com/products/dyson-supersonictm-origin-hair-dryer,2026-07-06 23:32:37
K\u0026F Concept DJI Osmo 360 Lens Silicone Protective Case,Rs 900,Oliz,all-products,https://olizstore.com/products/kandf-concept-dji-osmo-360-lens-silicone-protective-case,2026-07-06 23:32:37
K\u0026F Concept DJI Osmo 360 Rabbit Cage,Rs 7800,Oliz,all-products,https://olizstore.com/products/kandf-concept-dji-osmo-360-rabbit-cage,2026-07-06 23:32:37
K\u0026F Concept DJI Osmo Action 6 Lightweight Rabbit Cage,Rs 6200,Oliz,all-products,https://olizstore.com/products/kandf-concept-dji-osmo-action-6-lightweight-rabbit-cage,2026-07-06 23:32:37
K\u0026F Concept DJI Osmo Action 6 Waterproof Case Kit,Rs 3450,Oliz,all-products,https://olizstore.com/products/kandf-concept-dji-osmo-action-6-waterproof-case-kit,2026-07-06 23:32:37
K\u0026F Concept 65cm Gray Neck Mount Kit,Rs 4050,Oliz,all-products,https://olizstore.com/products/kandf-65cm-gray-neck-mount-kit,2026-07-06 23:32:37
K\u0026F Concept Pocket 3 Aluminum Alloy Multi-function Expansion Frame,Rs 4650,Oliz,all-products,https://olizstore.com/products/kandf-pocket-3-aluminum-alloy-multi-function-expansion-frame,2026-07-06 23:32:37
K\u0026F Concept DJI Osmo Pocket 3 Aluminum Magnetic Expansion Frame,Rs 6600,Oliz,all-products,https://olizstore.com/products/kandf-concept-dji-osmo-pocket-3-aluminum-magnetic-expansion-frame,2026-07-06 23:32:37
K\u0026F Concept Gimbal Cover Camera Lens Protector Cap for DJI Osmo Pocket 3,Rs 1800,Oliz,all-products,https://olizstore.com/products/kandf-concept-gimbal-cover-camera-lens-protector-cap-for-dji-osmo-pocket-3,2026-07-06 23:32:37
K\u0026F Concept DJI Osmo Pocket 3 Cell Phone Holder,Rs 2500,Oliz,all-products,https://olizstore.com/products/dji-osmo-pocket-3-cell-phone-holder,2026-07-06 23:32:37
Hollyland LARK M2 DUO USB-C,Rs 14500,Oliz,all-products,https://olizstore.com/products/hollyland-lark-m2-duo-usb-c-price-in-nepal,2026-07-06 23:32:37
Hollyland Solidcom SE 6S 6-Person,Rs 140000,Oliz,all-products,https://olizstore.com/products/hollyland-solidcom-se-6s-6-person,2026-07-06 23:32:37
K\u0026F Concept Pocket 3 Suction Cup Mount,Rs 1900,Oliz,all-products,https://olizstore.com/products/kandf-concept-pocket-3-suction-cup-mount,2026-07-06 23:32:37
K\u0026F Concept KF31.143 Sports Camera Pocket 3 Magnetic Suction Cup Mount,Rs 0,Oliz,all-products,https://olizstore.com/products/kandf-concept-kf31.143-sports-camera-pocket-3-magnetic-suction-cup-mount,2026-07-06 23:32:37
K\u0026F Concept DJI Osmo Pocket 3 Quick Release Base (2-Pack),Rs 5250,Oliz,all-products,https://olizstore.com/products/dji-osmo-pocket-3-quick-release-base-(2-pack),2026-07-06 23:32:37
K\u0026F Concept Sports Camera Pocket 3 Accessory Kit,Rs 1800,Oliz,all-products,https://olizstore.com/products/kandf-concept-sports-camera-pocket-3-accessory-kit,2026-07-06 23:32:37
K\u0026F Concept Silicone Non-Slip Desktop Mount for DJI Osmo Pocket 3,Rs 1000,Oliz,all-products,https://olizstore.com/products/silicone-non-slip-desktop-mount-for-dji-osmo-pocket-3,2026-07-06 23:32:37
K\u0026F Concept Smart Series MS-62 Selfie Stick / Desktop Stand (Medium),Rs 3100,Oliz,all-products,https://olizstore.com/products/smart-series-ms-62-selfie-stick-desktop-stand-(medium),2026-07-06 23:32:37
K\u0026F Concept Storage Case for DJI Osmo Pocket 3,Rs 3200,Oliz,all-products,https://olizstore.com/products/kandf-concept-storage-case-for-dji-osmo-pocket-3,2026-07-06 23:32:37
K\u0026F Concept Charging Adapter Base for DJI Osmo Pocket 4/3,Rs 3000,Oliz,all-products,https://olizstore.com/products/kandf-concept-charging-adapter-base-for-dji-osmo-pocket-43,2026-07-06 23:32:37
K\u0026F Concept DJI Osmo Pocket 4 MagSafe Magnetic Expansion Box,Rs 5500,Oliz,all-products,https://olizstore.com/products/dji-osmo-pocket-4-magsafe-magnetic-expansion-box,2026-07-06 23:32:37
K\u0026F Concept DJI OSMO POCKET 4 Tempered Glass Screen Protector Set,Rs 600,Oliz,all-products,https://olizstore.com/products/dji-osmo-pocket-4-tempered-glass-screen-protector-set,2026-07-06 23:32:37
Dyson HushJet™ Purifier Compact HJ10,Rs 68000,Oliz,all-products,https://olizstore.com/products/dyson-hushjettm-purifier-compact-hj10,2026-07-06 23:32:37
Dyson Purifier Cool Air Purifier PC2 De-NOx TP12,Rs 118500,Oliz,all-products,https://olizstore.com/products/dyson-purifier-cool-air-purifier-pc2-de-nox-tp12,2026-07-06 23:32:37
Dyson Purifier Big+Quiet Formaldehyde BP04,Rs 168000,Oliz,all-products,https://olizstore.com/products/dyson-purifier-big+quiet-formaldehyde-bp04,2026-07-06 23:32:37
Dyson Purifier Cool Gen1 TP10 Purifying Fan,Rs 74500,Oliz,all-products,https://olizstore.com/products/dyson-purifier-cool-gen1-tp10-purifying-fan,2026-07-06 23:32:37
DJI ROMO P (Water Tank Version),Rs 218500,Oliz,all-products,https://olizstore.com/products/dji-romo-p-(water-tank-version),2026-07-06 23:32:37
Nebula Mars 3 Air Portable Google TV Projector,Rs 85000,Oliz,all-products,https://olizstore.com/products/nebula-mars-3-air-portable-google-tv-projector,2026-07-06 23:32:37
Anker PowerCore 5000 mAh Portable Power Bank,Rs 2500,Oliz,all-products,https://olizstore.com/products/anker-powercore-5000-portable-power-bank,2026-07-06 23:32:37
JBL PartyBox Encore 2,Rs 65000,Oliz,all-products,https://olizstore.com/products/jbl-partybox-encore-2,2026-07-06 23:32:37
JBL PartyBox On-The-Go 2,Rs 65000,Oliz,all-products,https://olizstore.com/products/jbl-partybox-on-the-go-2,2026-07-06 23:32:37
JBL PartyBox 720,Rs 148000,Oliz,all-products,https://olizstore.com/products/jbl-partybox-720,2026-07-06 23:32:37
JBL PartyBox 520,Rs 109000,Oliz,all-products,https://olizstore.com/products/jbl-partybox-520,2026-07-06 23:32:37
Harman Kardon Sound Sticks 5,Rs 52000,Oliz,all-products,https://olizstore.com/products/harman-kardon-sound-sticks-5,2026-07-06 23:32:37
Harman Kardon Onyx Studio 9,Rs 45000,Oliz,all-products,https://olizstore.com/products/harman-kardon-onyx-studio-9,2026-07-06 23:32:37
Harman Kardon Aura Studio 5,Rs 48000,Oliz,all-products,https://olizstore.com/products/harman-kardon-aura-studio-5,2026-07-06 23:32:37
Marshall Bromley 750,Rs 185000,Oliz,all-products,https://olizstore.com/products/marshall-bromley-750,2026-07-06 23:32:37
Marshall Sub 200,Rs 78000,Oliz,all-products,https://olizstore.com/products/marshall-sub-200,2026-07-06 23:32:37
Marshall Heston 60,Rs 110000,Oliz,all-products,https://olizstore.com/products/marshall-heston-60,2026-07-06 23:32:37
Marshall Heston 120,Rs 185000,Oliz,all-products,https://olizstore.com/products/marshall-heston-120,2026-07-06 23:32:37
Marshall Kilburn III,Rs 58000,Oliz,all-products,https://olizstore.com/products/marshall-kilburn-iii,2026-07-06 23:32:37
DJI Osmo Mobile 8P Standard Combo,Rs 25000,Oliz,all-products,https://olizstore.com/products/dji-osmo-mobile-8p-standard-combo-price-in-nepal,2026-07-06 23:32:37
DJI Osmo Mobile 8P Creator Combo,Rs 35000,Oliz,all-products,https://olizstore.com/products/dji-osmo-mobile-8p,2026-07-06 23:32:37
ADAM elements VIONTA A5 4100 mAh Qi2 Solid-State Power Bank,Rs 8500,Oliz,all-products,https://olizstore.com/products/adam-elements-vionta-a5-4100-mah-qi2-solid-state-power-bank,2026-07-06 23:32:37
ADAM elements VIONTA B5 5000 mAh Solid-State Power Bank with Foldable Stand,Rs 8500,Oliz,all-products,https://olizstore.com/products/adam-elements-vionta-b5-5000-mah-solid-state-power-bank-with-foldable-stand,2026-07-06 23:32:37
ADAM elements VIONTA T1S 10000 mAh Travel Solid-State Power Bank with Built-In Cable,Rs 8800,Oliz,all-products,https://olizstore.com/products/adam-elements-vionta-t1s-10000mah-travel-solid-state-power-bank-with-built-in-cable,2026-07-06 23:32:37
"ADAM elements VIONTA C2 Pro 10,000 mAh 8-in-1 Magnetic Power Bank",Rs 8000,Oliz,all-products,https://olizstore.com/products/adam-elements-vionta-c2-pro-10000-mah-8-in-1-magnetic-power-bank,2026-07-06 23:32:37
"ADAM elements VIONTA B10 10,000 mAh Solid-State Power Bank with Foldable Stand",Rs 8500,Oliz,all-products,https://olizstore.com/products/adam-elements-vionta-b10-10000-mah-solid-state-power-bank-with-foldable-stand,2026-07-06 23:32:37
"ADAM elements GRAVITY 10,000 mAh Fast Charging Power Bank with Built-In Cable",Rs 7500,Oliz,all-products,https://olizstore.com/products/adam-elements-gravity-10000-mah-30w-fast-charging-power-bank-with-built-in-cable,2026-07-06 23:32:37
"ADAM elements GRAVITY Pro 20,000 mAh Fast Charging Power Bank",Rs 13000,Oliz,all-products,https://olizstore.com/products/adam-elements-gravity-pro-100w-fast-charging-power-bank,2026-07-06 23:32:37
DJI Mic Mini 2 (1 TX + 1 MRX + Charging Case),Rs 11500,Oliz,all-products,https://olizstore.com/products/dji-mic-mini-2-one-transmitter-price-in-nepal,2026-07-06 23:32:37
DJI Mic Mini 2 (2 TX + 1 MRX + Charging Case),Rs 16500,Oliz,all-products,https://olizstore.com/products/dji-mic-mini-2-two-transmitter-price-in-nepal,2026-07-06 23:32:37
DJI Mic Mini 2 (2 TX + 1 RX + Charging Case),Rs 19500,Oliz,all-products,https://olizstore.com/products/dji-mic-mini-2-price-in-nepal,2026-07-06 23:32:37
Apple iPhone 17e,Rs 132499,Oliz,all-products,https://olizstore.com/products/apple-iphone-17e,2026-07-06 23:32:37
Tissot Ballade Quartz 40mm – T156.410.33.051.00,Rs 65000,Oliz,all-products,https://olizstore.com/products/tissot-ballade-quartz-40mm-t156.410.33.051.00,2026-07-06 23:32:37
Tissot Ballade 34mm – T156.210.22.031.00,Rs 51000,Oliz,all-products,https://olizstore.com/products/tissot-ballade-34mm-t156.210.22.031.00,2026-07-06 23:32:37
Tissot PR 100 40mm – T150.417.33.031.00,Rs 65000,Oliz,all-products,https://olizstore.com/products/tissot-pr-100-40mm-t150.417.33.031.00,2026-07-06 23:32:37
Tissot PR 100 Chronograph 40mm T150.417.22.031.00,Rs 65000,Oliz,all-products,https://olizstore.com/products/tissot-pr-100-chronograph-40mm-t150.417.22.031.00,2026-07-06 23:32:37
Tissot PR 100 40mm T150.410.22.041.00,Rs 51000,Oliz,all-products,https://olizstore.com/products/tissot-pr-100-40mm-t150.410.22.041.00,2026-07-06 23:32:37
Tissot PR 100 40mm T150.410.11.041.00,Rs 51000,Oliz,all-products,https://olizstore.com/products/tissot-pr-100-40mm-t150.410.11.041.00,2026-07-06 23:32:37
Tissot PR 100 34mm T150.210.33.021.00,Rs 51000,Oliz,all-products,https://olizstore.com/products/tissot-pr-100-34mm-t150.210.33.021.00,2026-07-06 23:32:37
Tissot PR 100 34mm T150.210.11.041.00,Rs 51000,Oliz,all-products,https://olizstore.com/products/tissot-pr-100-34mm-t150.210.11.041.00,2026-07-06 23:32:37
Tissot PR516 Chronograph Quartz 40mm T149.417.22.051.00,Rs 62000,Oliz,all-products,https://olizstore.com/products/tissot-pr516-chronograph-quartz-40mm-t149.417.22.051.00,2026-07-06 23:32:37
Tissot PRX Quartz Champagne Dial 40mm T137.410.33.021.00,Rs 62000,Oliz,all-products,https://olizstore.com/products/tissot-prx-quartz-champagne-dial-40mm-t137.410.33.021.00,2026-07-06 23:32:37
